表示ｺｰﾄﾞ,新商品ｺｰﾄﾞ案,商品名,商品名索引,単位,製品長さ(mm),ｶｯﾄ長さ(mm),得意先(検索)ｺｰﾄﾞ
1,721136I005101,一体枠上枠ｺ型ｶﾊﾞｰ　L=3800mm 1000本/,ﾋﾞｰﾄﾞ12.5,本,0,0,721136
1,721152I000101,ｿｰﾗｰﾊﾟﾈﾙ樹脂ﾌﾚｰﾑ　250ｍ以下の注文,ｿｰﾗｰﾊﾟﾈﾙｼﾞ,式,0,0,721152
0 ,721152I000102,ｿｰﾗｰﾊﾟﾈﾙ 樹脂ﾌﾚｰﾑ 受注ﾛｯﾄ:1000m以上,ｿｰﾗｰﾊﾟﾈﾙ ｼ,ｍ,0,0,721152
0 ,721152I000103,端面45度切断加工費,ｿｰﾗｰﾊﾟﾈﾙｼﾞ,本,0,0,721152
1,721171D000101,ｱﾙﾐ枠ﾊﾟﾈﾙ取付ﾌﾚ-ﾑ(小)（伸栄）,ｱﾙﾐﾜｸ,本,0,0,721171
1,721171D000102,ｱﾙﾐ枠ﾊﾟﾈﾙ取付ﾌﾚ-ﾑ(大)（伸栄）,ｱﾙﾐﾜｸ,本,0,0,721171
1,721171D000201,66560003 ｱﾙﾐ枠溝ｶｸｼ L=2000,,本,2000,2010,721171
1,721171D000301,ﾓｼﾞｭｰﾙ台車 ZD37C06A L=1000,ﾓｼﾞｭｰﾙﾀﾞｲｼ,本,0,0,721171
1,721171D000302,ﾓｼﾞｭｰﾙ台車 L=1205,ﾓｼﾞｭｰﾙﾀﾞｲｼ,本,0,0,721171
1,721171D000303,ﾓｼﾞｭｰﾙ台車 L=1870,ﾓｼﾞｭｰﾙﾀﾞｲｼ,本,0,0,721171
0 ,721181D000101,原料,ｹﾞﾝﾘｮｳ,kg,0,0,721181
1,721181D000201,CSN-LY10 中空ｺｰﾅｰｶﾞｰﾄﾞ(65x65)L1000,ﾁｭｳｸｳｺｰﾅｰｶ,本,1000,1015,721181
0 ,721181D000301,CSN中空ｺｰﾅｰｶﾞｰﾄﾞ(65x65)L1000 300本LY,ﾁｭｳｸｳｺｰﾅｰｶ,本,1000,1015,721181
1,721181D000401,CSN-A10 中空ｺｰﾅｰｶﾞｰﾄﾞ(65x65)L1000,ﾁｭｳｸｳｺｰﾅｰｶ,本,1000,1015,721181
0 ,721181D000501,CSN中空ｺｰﾅｰｶﾞｰﾄﾞ(65x65)L1000 300本I,ﾁｭｳｸｳｺｰﾅｰｶ,本,1000,1015,721181
1,721181D000302,CSN中空ｺｰﾅｰｶﾞｰﾄﾞ(65x65)L2000本LY,ﾁｭｳｸｳｺｰﾅｰｶ,本,2000,2030,721181
1,721181D000401,FS-G10 (EVAｻｸﾋﾞ中空ﾊﾟｯｷﾝ L=1000),,本,1000,1010,721181
1,721181D000501,FS-LY10 (EVAｻｸﾋﾞ中空ﾊﾟｯｷﾝ L=1000),,本,1000,1010,721181
1,721181D000601,FS-GL10 (EVAｻｸﾋﾞ中空ﾊﾟｯｷﾝ L=1000),,本,1000,1010,721181
0 ,721181D001101,H鋼ｴｯｼﾞｶﾊﾞｰ 3mm巾 1000L ﾚﾓﾝｲｴﾛｰ,ｴｯﾁｺｳ,本,1000,1015,721181
1,721181D001102,H鋼ｴｯｼﾞｶﾊﾞｰ 3mm巾 1000L LY,,本,1000,1015,721181
1,721181D001201,H鋼ｴｯｼﾞｶﾊﾞｰ 8mm巾 1000L LY,,本,1000,1015,721181
1,721181D001301,H鋼ｴｯｼﾞｶﾊﾞｰ 10mm巾 1000L LY,,本,1000,1015,721181
1,721181D001401,H鋼ｴｯｼﾞｶﾊﾞｰ 12mm巾 1000L　LY,,本,1000,1015,721181
1,721181D001402,H鋼ｴｯｼﾞｶﾊﾞｰ 12mm巾 2000L LY,,本,2000,2030,721181
1,721181D001501,H鋼ｴｯｼﾞｶﾊﾞｰ 14mm巾 1000L LY,,本,1000,1015,721181
1,721181D001601,H鋼ｴｯｼﾞｶﾊﾞｰ 15mm巾 1000L LY,,本,1000,1015,721181
1,721181D001701,H鋼ｴｯｼﾞｶﾊﾞｰ 16mm巾 1000L LY,,本,1000,1015,721181
1,721181D001702,H鋼ｴｯｼﾞｶﾊﾞｰ 16mm巾 2000L LY,,本,2000,2030,721181
1,721181D001801,H鋼ｴｯｼﾞｶﾊﾞｰ 19mm巾 1000L LY,ｴｯﾁ,本,1000,1015,721181
1,721181D001901,H鋼ｴｯｼﾞｶﾊﾞｰ 21mm巾 1000L,,本,1000,1015,721181
1,721181D002101,H鋼ｴｯｼﾞｶﾊﾞｰ 22mm巾 1000L LY,,本,1000,1015,721181
1,721181D002201,H鋼ｴｯｼﾞｶﾊﾞｰ 28mm巾 1000L ﾚﾓﾝｲｴﾛｰ,,本,1000,1015,721181
1,721181D004101,H鋼ｴｯｼﾞｶﾊﾞｰ 3mm巾 1000L ｸﾞﾚｰ,ｴｯﾁｺｳ,本,1000,1015,721181
1,721181D004201,H鋼ｴｯｼﾞｶﾊﾞｰ 8mm巾 1000L ｸﾞﾚｰ,,本,1000,1015,721181
1,721181D004301,H鋼ｴｯｼﾞｶﾊﾞｰ 12mm巾 1000L　ｸﾞﾚｰ,,本,1000,1015,721181
1,721181D004401,H鋼ｴｯｼﾞｶﾊﾞｰ 15mm巾 1000L ｸﾞﾚｰ,ｸﾞﾚｰ,本,1000,1015,721181
1,721181D004501,H鋼ｴｯｼﾞｶﾊﾞｰ 19mm巾 1000L ｸﾞﾚｰ,,本,1000,1015,721181
1,721181D005101,ｺｰﾅｰ6565 ﾊｰﾄﾞL=1000 (樹脂金具共),,,1000,1015,721181
0 ,721181D006101,ｺｰﾅｰｶﾞｰﾄﾞ CHS-A5   (ｼﾞｭｼｶﾅｸﾞﾄﾓ65x65),,,0,0,721181
0 ,721181D006102,ｺｰﾅｰｶﾞｰﾄﾞ CHS-A10  (ｼﾞｭｼｶﾅｸﾞﾄﾓ65x65),,,1000,1015,721181
1,721181D006103,ｺｰﾅｰｶﾞｰﾄﾞ CHS-A10（本体のみ),CHS,本,1000,1015,721181
0 ,721181D006201,ｺｰﾅｰｶﾞｰﾄﾞ CHS-G10  (ｼﾞｭｼｶﾅｸﾞﾄﾓ65x65),,,1000,1015,721181
0 ,721181D006301,ｺｰﾅｰｶﾞｰﾄﾞ CHS-LY5  (ｼﾞｭｼｶﾅｸﾞﾄﾓ65x65),,,0,0,721181
0 ,721181D006302,ｺｰﾅｰｶﾞｰﾄﾞ CHS-LY10 (ｼﾞｭｼｶﾅｸﾞﾄﾓ65x65),,,1000,1015,721181
1,721181D006303,ｺｰﾅｰｶﾞｰﾄﾞ CHS-LY10 (本体のみ),ﾎﾝﾀｲﾉﾐ ｱ8(,,1000,1015,721181
1,721181D006401,ｺｰﾅｰｶﾞｰﾄﾞ ｿﾌﾄ,,本,0,0,721181
1,721181D006501,ｺｰﾅｰｶﾞｰﾄﾞCRS-A10 (ｶﾅｸﾞ3535) 当板ｴﾝﾋﾞ,,本,1000,1015,721181
1,721181D006601,ｺｰﾅｰｶﾞｰﾄﾞCRS-LY10(ｶﾅｸﾞ3535) 当板ｴﾝﾋﾞ,3535ｺｰﾅｰｶﾞ,本,1000,1015,721181
1,721181D006701,ｺｰﾅｰｶﾞｰﾄﾞCRS-LY20(ｶﾅｸﾞ3535) 当板ｴﾝﾋﾞ,3535ｺｰﾅｰｶﾞ,本,0,0,721181
1,721181D007101,樹脂金具 65x65 L=1000,ｼﾞｭｼ,本,0,0,721181
1,721181D007201,樹脂金具 35x35 L=1000,ｼﾞｭｼ,本,0,0,721181
1,721181D007301,35x35ｺｰﾅｰﾍﾞｰｽ 樹脂金具 ｸﾞﾚｰ L=990,ｼﾞｭｼｶﾅｸﾞ35,本,0,0,721181
1,721181D007401,ｺｰﾅｰﾍﾞｰｽ(6565V樹脂金具),ｺｰﾅｰﾍﾞｰｽ,本,0,0,721181
1,721181D007501,ｿﾌﾄｺｰﾅｰｶﾞｰﾄﾞ用板 L=990,ｿﾌﾄｺｰﾅｰ,本,0,0,721181
1,721211D000101,融着式ｲﾝﾅｰｺｱ用ﾘﾎﾞﾝ 2.2x5.5 2000mﾛｯﾄ,,m,1000,1020,721211
1,721211D000201,融着式ｲﾝﾅｰｺｱ用ﾘﾎﾞﾝ 2.5x5.65 2000mﾛｯﾄ,,m,1000,1020,721211
1,721211D000301,融着式ｲﾝﾅｰｺｱ用ﾘﾎﾞﾝ 3.0x5.65 2000mﾛｯﾄ,,m,1000,1020,721211
0 ,721211D000401,嵌合式ｲﾝﾅｰｺｱ用ﾘﾎﾞﾝ 2000mﾛｯﾄ,ｶﾝｺﾞｳｼｷｲﾝﾅ,m,1000,1020,721211
0 ,722051D000101,軟質ﾎｰｽ 32φ 20m巻*1c/s5巻 200巻以上,ﾅﾝｼﾂﾎｰｽ32,巻,20000,21000,722051
1,722051D000102,軟質ﾎｰｽ 32φ 20m巻1C/S5巻 199巻以下,,巻,20000,21000,722051
0 ,722051D000201,軟質ﾎｰｽ 38φ 20m巻*1c/s4巻 200巻以上,ﾅﾝｼﾂﾎｰｽ38,巻,20000,21000,722051
1,722051D000202,軟質ﾎｰｽ 38φ 20m巻1c/s4巻 199巻以下,,巻,20000,21000,722051
1,722051D000101,PEﾁｭｰﾌﾞ(HDPE) 4φx6φx300L,ﾍﾟﾁｭｰﾌﾞ(hd,本,300,300,734261
1,722051D000102,ﾊｲｾﾞｯｸｽﾁｭｰﾌﾞ4X6 L=350,,,350,350,734261
1,722062I000101,LEDﾊﾞﾗｽﾀｰｶﾊﾞｰ L=700 1000本/回,LEDﾊﾞﾗｽﾀｰｶ,本,0,0,722062
1,722062I000102,LEDﾊﾞﾗｽﾀｰｶﾊﾞｰ L=800 1000本/回,LEDﾊﾞﾗｽﾀｰｶ,本,0,0,722062
0 ,722062I000103,LEDﾊﾞﾗｽﾀｰｶﾊﾞｰ 端面ｶｯﾄ費用,LEDﾊﾞﾗｽﾀｰｶ,本,0,0,722062
1,722062I000201,LED手摺ｶﾊﾞｰ L=2410 300本～ 運賃別途,LEDﾊﾞﾗｽﾀｰｶ,本,0,0,722062
0 ,722062I000202,LED手摺ｶﾊﾞｰ ｶｯﾄ費用,LEDﾊﾞﾗｽﾀｰｶ,本,0,0,722062
1,722062I000301,拡散U字ｶﾊﾞｰ L=380㎜,ｶｸｻﾝﾝUｼﾞ,本,0,0,722062
1,722062I000302,拡散U字ｶﾊﾞｰ L=500㎜,ｶｸｻﾝﾝUｼﾞ,本,0,0,722062
1,722062I000303,拡散U字ｶﾊﾞｰ L=680㎜,ｶｸｻﾝﾝUｼﾞ,本,0,0,722062
1,722062I000304,拡散U字ｶﾊﾞｰ L=850㎜,ｶｸｻﾝﾝUｼﾞ,本,0,0,722062
1,722062I000305,拡散U字ｶﾊﾞｰ L=1080㎜ 200本~,ｶｸｻﾝﾝUｼﾞ,本,0,0,722062
0 ,722062I000306,拡散U字ｶﾊﾞｰ L=1080㎜ 600本~,ｶｸｻﾝﾝUｼﾞ,本,0,0,722062
1,722062I000307,拡散U字ｶﾊﾞｰ L=1090㎜,ｶｸｻﾝﾝUｼﾞ,本,0,0,722062
1,722062I000308,拡散U字ｶﾊﾞｰ L=1120㎜,ｶｸｻﾝﾝUｼﾞ,本,0,0,722062
0 ,722062I000309,拡散U字ｶﾊﾞｰ L=1120㎜ 20本,ｶｸｻﾝﾝUｼﾞ,式,0,0,722062
0 ,722062I000310,拡散U字ｶﾊﾞｰ NC加工費/100本,ｶｸｻﾝUｼﾞ,本,0,0,722062
0 ,722062I000311,拡散U字ｶﾊﾞｰ NC加工費/200本,ｶｸｻﾝUｼﾞ,本,0,0,722062
1,722091D000101,展示ｹｰｽ用 ﾊﾞﾝﾊﾟｰ8mm用x3000,ﾃﾝｼﾞｹｰｽﾖｳﾊ,本,3000,3030,722091
1,722091D000201,展示ｹｰｽ用 ﾊﾞﾝﾊﾟｰ10.12x3000,ﾃﾝｼﾞｹｰｽﾖｳﾊ,本,3000,3030,722091
0 ,723011D000101,男性用ﾊﾟｯｷﾝ 82123,ﾀﾞﾝｾｲﾖｳﾊﾟｯ,本,172,172,723011
0 ,723011D000102,男性用ﾊﾟｯｷﾝ 残原料代,ﾀﾞﾝｾｲﾖｳﾊﾟｯ,㎏,0,0,723011
0 ,723011D000103,男性用ﾊﾟｯｷﾝ 残原料処分費,ﾀﾞﾝｾｲﾖｳﾊﾟｯ,式,0,0,723011
1,723022I000101,SUG-01,,ｍ,0,0,723022
1,723022I000201,ｱﾝｸﾞﾙﾋﾟｰｽ(ｼﾞｮｳｹﾞﾖｳ) 色物,ｱﾝｸﾞﾙﾋﾟｰｽ,本,0,0,723022
1,723022I000301,ｱﾝｸﾞﾙﾋﾟｰｽ(ｼﾞｮｳｹﾞﾖｳ)表面保護付,ｱﾝｸﾞﾙﾋﾟｰｽ,本,0,0,723022
1,723022I000401,ｸﾞﾚｰｼﾞﾝｸﾞﾋﾞｰﾄﾞ($GBMSL2),,ｍ,0,0,723022
1,723022I000402,ｸﾞﾚｰｼﾞﾝｸﾞﾋﾞｰﾄﾞ($GBMTR3),,ｍ,0,0,723022
1,723022I000501,ｺｰﾅｰｶﾞｽｹｯﾄ($CGA-01),,ｍ,0,0,723022
0 ,723022I000502,ｺｰﾅｰｶﾞｽｹｯﾄ(運賃なし),,ｍ,0,0,723022
0 ,723022I000503,ｺｰﾅｰｶﾞｽｹｯﾄ(運賃込み),,ｍ,0,0,723022
1,723022I000601,ﾊｷﾀﾞｼｱﾝｸﾞﾙﾋﾟｰｽ ﾎﾜｲﾄ,ﾊｷﾀﾞｼ,本,0,0,723022
1,723022I000701,ﾊｷﾀﾞｼｱﾝｸﾞﾙﾋﾟｰｽ 色物,ﾊｷﾀﾞｼ,本,0,0,723022
1,723022I000801,ﾊｷﾀﾞｼｱﾝｸﾞﾙﾋﾟｰｽ 表面保護付　ﾎﾜｲﾄ,ﾊｷﾀﾞｼ,本,0,0,723022
1,723022I000901,ﾊｷﾀﾞｼｱﾝｸﾞﾙﾋﾟｰｽ 表面保護付　色物,ﾊｷﾀﾞｼ,本,0,0,723022
1,723022I001101,縁材(ｺの字　巾6mm) L=2000 白,ｺﾉｼﾞ,本,0,0,723022
1,723061D000101,AEｱﾝﾀﾞｰｶﾊﾞｰ(非ｴﾝﾋﾞ)*ﾀﾞｰｸｸﾞﾚｰ,,,15000,15300,723061
1,723061D000201,AEｱﾝﾀﾞｰｶﾊﾞｰ(非ｴﾝﾋﾞ)*ﾁｮｺﾚｰﾄ,,m,15000,15300,723061
1,723061D000301,AEｱﾝﾀﾞｰｶﾊﾞｰ(非ｴﾝﾋﾞ)*ﾗｲﾄﾌﾞﾗｳﾝ,,,15000,15300,723061
0 ,723091D000101,ｼﾖｳｼﾅｲ 10BSY ﾌﾞﾚｰｽﾊﾟｯｷﾝ(M18-M22),,,0,0,723091
1,723091D000201,A窓ﾌﾟﾛﾃｸﾀｰ 30x60x150L(二色),Aﾏﾄﾞﾌﾟﾛﾃｸﾀ,個,0,0,723091
1,723091D000202,A窓ﾌﾟﾛﾃｸﾀｰ 30x60x205L(二色),Aﾏﾄﾞﾌﾟﾛﾃｸﾀ,個,0,0,723091
1,723091D000301,ﾌﾟﾛﾃｸﾄｶﾊﾞｰ60x30x100L(9YI06),ﾌﾟﾛﾃｸﾄｶﾊﾞｰ,本,0,0,723091
1,723091D000401,ﾌﾟﾛﾃｸﾄｶﾊﾞｰ L=200,ﾌﾟﾛﾃｸﾄｶﾊﾞｰ,本,0,0,723091
1,723091D000501,ﾌﾞﾚｰｽﾊﾟｯｷﾝ(M18-M22) 10BSY,,,80,80,723091
0 ,723091D000502,使用ｼﾅｲ 10BSY ﾌﾞﾚｰｽﾊﾟｯｷﾝ(M18-M22),,,0,0,723091
0 ,723091D000503,ﾌﾞﾚｰｽﾊﾟｯｷﾝ(M18-M22) HRCQ9,,,80,80,723091
0 ,723091D000504,ﾌﾞﾚｰｽﾊﾟｯｷﾝ(M18-M22) 8TMG2 JPF/HRCQ9,ﾌﾞﾚｰｽﾊﾟｯｷﾝ,,80,80,723091
1,723091D000601,ﾌﾞﾚｰｽﾊﾟｯｷﾝ(共通) 10BSZ,ﾌﾞﾚｰｽﾊﾟｯｷﾝ,,80,80,723091
0 ,723091D000602,使用ｼﾅｲ 10BSZ ﾌﾞﾚｰｽﾊﾟｯｷﾝ(共通),,,0,0,723091
0 ,723091D000603,ﾌﾞﾚｰｽﾊﾟｯｷﾝ(共通) AVXA2,,,80,80,723091
0 ,723091D000604,ﾌﾞﾚｰｽﾊﾟｯｷﾝ(共通) 1524U,,,80,80,723091
0 ,723091D000605,ﾌﾞﾚｰｽﾊﾟｯｷﾝ(共通) 8TMG1 JPF/AVXA2,ﾌﾞﾚｰｽﾊﾟｯｷﾝ,,80,80,723091
1,723091D001101,ｸｯｼｮﾝﾌﾟﾛﾃｸﾄ 10t(10x50x200) 1YZTL,,,200,200,723091
1,723091D001201,ｸｯｼｮﾝﾌﾟﾛﾃｸﾄ 60t(60x50x200) 1YZTM,,,200,200,723091
1,723091D001301,ｸｯｼｮﾝﾌﾟﾛﾃｸﾄ 45t(45x50x200) 1YZTN,,,200,200,723091
1,723091D001401,ｸｯｼｮﾝﾌﾟﾛﾃｸﾄ 90t(90x50x200) 1YC5D,,,200,200,723091
1,723091D002101,ｸﾘﾇｷｻｯｼ用ｽﾍﾟｰｻｰ(8x13x50) CHJCZ,,,50,50,723091
1,723091D002201,ｸﾘﾇｷｻｯｼ用ｽﾍﾟｰｻｰ(8x16x50) XJKPY,,,50,50,723091
0 ,723091D000701,配線ｹｰﾌﾞﾙ干渉防止材(50ｹｲﾘ) JARWL,,,100,100,723091
1,723091D000702,配線ｹｰﾌﾞﾙ干渉防止材 8TMG3 JPF/JARWL,ﾊｲｾﾝｹｰﾌﾞﾙ,,100,100,723091
0 ,723091D000606,ﾌﾞﾚｰｽﾊﾟｯｷﾝ(共通) 10CUW,,,80,80,723091
0 ,723091D000505,ﾌﾞﾚｰｽﾊﾟｯｷﾝ(M18-M22) 10CUV,,,80,80,723091
1,724032I000101,単板ﾓｰﾙ材 9.2*14.0,ﾀﾝﾊﾟﾝﾓｰﾙ,本,0,0,724032
1,724032I000201,特殊山形樹脂ﾓｰﾙ ｳｫｰﾙﾅｯﾄ,ﾄｸｼｭﾔﾏｶﾞﾀ,本,0,0,724032
1,724032I000301,特殊山形樹脂ﾓｰﾙ ﾎﾜｲﾄｵｰｸ,ﾄｸｼｭﾔﾏｶﾞﾀ,本,0,0,724032
1,730012I000101,角型ﾊﾟｯｷﾝ材(PVC軟質),ｶｸｶﾞﾀﾊﾟｯｷﾝ,ｍ,0,0,730012
1,730012I000201,孵化層ﾊﾟｯｷﾝ材 L=3400,ﾌｶｿｳﾊﾟｯｷﾝ,本,0,0,730012
0,730012I000202,孵化層ﾊﾟｯｷﾝ 運賃,,,0,0,730012
1,730072I000101,目地ｶﾊﾞｰ ｸﾞﾚｰ L=3000,ﾒｼﾞｶﾊﾞｰ,本,0,0,730072
1,730072I000201,目地ｶﾊﾞｰ ﾎﾜｲﾄ L=3000,ﾒｼﾞｶﾊﾞｰ,本,0,0,730072
1,730072I000301,目地ｶﾊﾞｰ ﾌﾞﾗｯｸ L=3000,ﾒｼﾞｶﾊﾞｰ,本,0,0,730072
0 ,730072I000401,目地ｶﾊﾞｰ L=3000 (引取価格),ﾒｼﾞｶﾊﾞｰ,本,0,0,730072
0 ,730072I001101,目地ﾍﾞｰｽ L=3000 ｸﾞﾚｰ 引取り 100本～,ﾒｼﾞﾍﾞｰｽ,本,0,0,730072
0 ,730072I001102,目地ﾍﾞｰｽ L=3000 ｸﾞﾚｰ 引取り 200本～,ﾒｼﾞﾍﾞｰｽ,本,0,0,730072
0 ,730072I001103,目地ﾍﾞｰｽ L=3000 ｸﾞﾚｰ 引取り 500本～,ﾒｼﾞﾍﾞｰｽ,本,0,0,730072
1,730072I001104,目地ﾍﾞｰｽ L=3000 ｸﾞﾚｰ 運賃込 100本～,ﾒｼﾞﾍﾞｰｽ,本,0,0,730072
0 ,730072I001105,目地ﾍﾞｰｽ L=3000 ｸﾞﾚｰ 運賃込 200本～,ﾒｼﾞﾍﾞｰｽ,本,0,0,730072
0 ,730072I001106,目地ﾍﾞｰｽ L=3000 ｸﾞﾚｰ 運賃込 500本～,ﾒｼﾞﾍﾞｰｽ,本,0,0,730072
0 ,730082I000101,# ﾎﾟｽﾄ　～100m,#ﾎﾟｽﾄ,式,0,0,730082
0 ,730082I000102,# ﾎﾟｽﾄ　100m以上,#ﾎﾟｽﾄ,ｍ,0,0,730082
1,730082I000103,# ﾎﾟｽﾄ L=2420,#ﾎﾟｽﾄ,本,0,0,730082
0 ,730082I000201,H ﾎﾟｽﾄ　～500m,Hﾎﾟｽﾄ,式,0,0,730082
0 ,730082I000202,H ﾎﾟｽﾄ　500m以上,Hﾎﾟｽﾄ,ｍ,0,0,730082
1,730082I000203,H ﾎﾟｽﾄ L=2650,Hﾎﾟｽﾄ,本,0,0,730082
0 ,730082I000301,Lﾎﾟｽﾄ　～170m/回,Lﾎﾟｽﾄ,式,0,0,730082
0 ,730082I000302,Lﾎﾟｽﾄ　～170m以上/回,Lﾎﾟｽﾄ,ｍ,0,0,730082
1,730082I000303,Lﾎﾟｽﾄ L=2420,Lﾎﾟｽﾄ,本,0,0,730082
0 ,730082I000401,Tﾎﾟｽﾄ　～125m/回,Tﾎﾟｽﾄ,式,0,0,730082
0 ,730082I000402,Tﾎﾟｽﾄ　125m以上/回,Tﾎﾟｽﾄ,ｍ,0,0,730082
1,730082I000403,Tﾎﾟｽﾄ L=2420,Tﾎﾟｽﾄ,本,0,0,730082
1,730082I000404,Tﾎﾟｽﾄ L=2450,Tﾎﾟｽﾄ,本,0,0,730082
1,730082I000405,Tﾎﾟｽﾄ L=3000,Tﾎﾟｽﾄ,本,0,0,730082
0 ,730082I000501,ｺ ﾎﾟｽﾄ　～500m,ｺﾎﾟｽﾄ,式,0,0,730082
0 ,730082I000502,ｺ ﾎﾟｽﾄ　500m以上,ｺﾎﾟｽﾄ,ｍ,0,0,730082
1,730082I000503,ｺ ﾎﾟｽﾄ L=2420,ｺﾎﾟｽﾄ,本,0,0,730082
1,730122I000101,DNK ｸﾞﾚﾁｬﾝ3mm,DNK ｸﾞﾚﾁｬﾝ,ｍ,0,0,730122
1,730122I000201,DNK ｸﾞﾚﾁｬﾝ4mm,DNK ｸﾞﾚﾁｬﾝ,ｍ,0,0,730122
1,730122I000301,DNK ｸﾞﾚﾁｬﾝｴﾗｽﾄﾏｰ3mm(ﾛｯﾄ500m以下/回),DNKｸﾞﾚﾁｬﾝ,ｍ,0,0,730122
0 ,730122I000302,DNK ｸﾞﾚﾁｬﾝｴﾗｽﾄﾏｰ3mm(600m～1500m/回),DNKｸﾞﾚﾁｬﾝ,ｍ,0,0,730122
0 ,730122I000303,DNK ｸﾞﾚﾁｬﾝｴﾗｽﾄﾏｰ3mm(1600～2500/回),DNKｸﾞﾚﾁｬﾝ,ｍ,0,0,730122
0 ,730122I000304,DNK ｸﾞﾚﾁｬﾝｴﾗｽﾄﾏｰ3mm(2600m以上/回),DNKｸﾞﾚﾁｬﾝ,ｍ,0,0,730122
1,730122I000401,DNK ｸﾞﾚﾁｬﾝｴﾗｽﾄﾏｰ4mm(ﾛｯﾄ500m以下/回),DNKｸﾞﾚﾁｬﾝ,ｍ,0,0,730122
0 ,730122I000402,DNK ｸﾞﾚﾁｬﾝｴﾗｽﾄﾏｰ4mm(600以上1500/回),DNKｸﾞﾚﾁｬﾝ,ｍ,0,0,730122
0 ,730122I000403,DNK ｸﾞﾚﾁｬﾝｴﾗｽﾄﾏｰ4mm(1600～2500/回),DNKｸﾞﾚﾁｬﾝ,ｍ,0,0,730122
0 ,730122I000404,DNK ｸﾞﾚﾁｬﾝｴﾗｽﾄﾏｰ4mm(2600m以上/回),DNKｸﾞﾚﾁｬﾝ,ｍ,0,0,730122
1,730122I000501,戸当ｺﾞﾑ,ﾄｱﾀﾘｺﾞﾑ,ｍ,0,0,730122
1,730131D000101,ﾊﾞｰﾍﾞﾙ角ｶﾊﾞｰ 10kg用 880L,,,880,880,730131
1,730131D000102,ﾊﾞｰﾍﾞﾙ角ｶﾊﾞｰ 12.5kg 925L,,,925,925,730131
1,730131D000103,ﾊﾞｰﾍﾞﾙ角ｶﾊﾞｰ 15kg 1072L,,,1072,1072,730131
1,730131D000104,ﾊﾞｰﾍﾞﾙ角ｶﾊﾞｰ 20kg 1292L,,,1292,1292,730131
1,730131D000105,ﾊﾞｰﾍﾞﾙ角ｶﾊﾞｰ 5kg用 585L,,,585,585,730131
1,730131D000106,ﾊﾞｰﾍﾞﾙ角ｶﾊﾞｰ 7.5kg用 805L,,,805,805,730131
1,730131D000201,ﾊﾞｰﾍﾞﾙ丸ｶﾊﾞｰ 3kg 440L,,,440,440,730131
1,730131D000202,ﾊﾞｰﾍﾞﾙ丸ｶﾊﾞｰ 5kg 548L,,,548,548,730131
1,730131D000301,394007 白線用ﾛｰﾙｺﾞﾑ　LOT.1000～,,,1050,1050,730131
1,731011D000101,ﾊﾟﾈﾙｸﾗﾝﾌﾟ中空 HSCP-7H-S-12,,,12000,12300,731011
1,731011D000201,ﾊﾟﾈﾙｸﾗﾝﾌﾟ HSCP-1H-S-12 (600本),,,12000,12300,731011
1,731011D000301,ﾊﾟﾈﾙｸﾗﾝﾌﾟ(小) HSCP-3H-S-12,,,12000,12300,731011
1,731011D000401,ﾊﾟﾈﾙｸﾗﾝﾌﾟ(大) HSCP-5H-S-12 (600巻), (600ｶﾝ),,12000,12300,731011
1,731011D000501,ﾊﾟﾈﾙｸﾗﾝﾌﾟ(中) HSCP-5HN-S-12　400巻,,,12000,12300,731011
1,731011D000601,ﾊﾟﾈﾙｽﾍﾟｰｻｰ(L) HSCS-8-S-12,,,12000,12300,731011
1,731011D000701,ﾊﾟﾈﾙｽﾍﾟｰｻｰ(M) HSCS-6-S-12,ﾊﾟﾈﾙｽﾍﾟｰｻｰ,巻,12000,12300,731011
1,731011D001101,白色ｻﾝﾄﾌﾟﾚｰﾝ 10.5WX9.0H 1-4φ 50M,,式,50000,52000,731011
1,731011D001201,白色ｻﾝﾄﾌﾟﾚｰﾝ 12Wx8.3H 1-4φ 100M,ｼﾛｲﾛｻﾝ,,50000,52000,731011
1,731011D001202,白色ｻﾝﾄﾌﾟﾚｰﾝ 12Wx8.3H 1-4φ 50M,,式,50000,52000,731011
1,731011D001301,白色ｻﾝﾄﾌﾟﾚｰﾝ 12Wx9.5H 1-4φ 100M,ｼﾛｲﾛｻﾝ,,50000,52000,731011
1,731011D001302,白色ｻﾝﾄﾌﾟﾚｰﾝ 12Wx9.5H 1-4φ 50M,,,50000,52000,731011
1,731011D001401,白色ｻﾝﾄﾌﾟﾚｰﾝ10.0HX10.5W1-4φ,ｼﾛｲﾛｻﾝﾄﾌﾟﾚ,M,50000,52000,731011
1,731011D001402,白色ｻﾝﾄﾌﾟﾚｰﾝ10.0HX10.5W1-4φ50M金型,ｼﾛｲﾛｻﾝﾄﾌﾟﾚ,,50000,52000,731011
1,731011D001501,白色ｻﾝﾄﾌﾟﾚｰﾝ10.5WX8.3H 1-4φ 100M,ｼﾛｲﾛｻﾝﾄﾌﾟﾚ,,50000,52000,731011
1,731011D001502,白色ｻﾝﾄﾌﾟﾚｰﾝ10.5WX8.3H 1-4φ 50M,ｼﾛｲﾛｻﾝﾄﾌﾟﾚ,,50000,52000,731011
1,731011D001601,白色ｻﾝﾄﾌﾟﾚｰﾝ #8000 8.5Hx8W 1-2φ 50m,ｼﾛｲﾛｻﾝﾄﾌﾟﾚ,,50000,52000,731011
1,732032I000101,Hｺﾞﾑ 18x24 芯共 50m巻　本社,Hｺﾞﾑ,ｍ,0,0,732032
1,732032I000201,ｷｭｰﾋﾞｸﾙﾊﾟｯｷﾝ　600ｍ/回,ｷｭｰﾋﾞｸﾙﾊﾟｯ,ｍ,0,0,732032
0 ,732041D000101,粘着付きﾄﾘﾑ 100m巻 黒,,,100000,104000,732041
0 ,732041D000201,粘着付きﾄﾘﾑ 100m巻 白,,,100000,104000,732041
0 ,732041D000301,粘着ﾅｼ ﾄﾘﾑ 100m巻 黒(ﾂﾔｹｼ),ﾈﾝﾁｬｸﾅｼ ﾄﾘ,,100000,104000,732041
0 ,732041D000401,粘着ﾅｼ ﾄﾘﾑ 100m巻 白ﾏｯﾄ,ﾈﾝﾁｬｸﾅｼ ﾄﾘ,巻,100000,104000,732041
1,732051D000101,7227133 EDGE PROTECTOR(1500M～),ｴｯｼﾞﾌﾟﾛ,M,50000,52000,732051
1,732051D000201,JOINT，HOSE　85279-B5060Y,ｼﾞｮｲﾝﾄ,個,40,40,732051
1,732051D000301,RETENTIONSTRIP RCS 7311626,,M,30000,31000,732051
1,732051D000401,RETENTIONSTRIP RJ11ﾌﾞﾗｯｸA 7311782,j11 ﾌﾞﾗｯｸｱ,M,30000,31000,732051
1,732051D000501,RETENTIONSTRIP RJ11 ﾌﾞﾗｯｸB 7311833,j11 ﾌﾞﾗｯｸｱ,M,100000,102000,732051
1,732051D000601,RETENTIONSTRIP RJ11 ﾎﾜｲﾄA 7228164,,M,30000,31000,732051
1,732051D000701,RETENTIONSTRIP RJ11 ﾎﾜｲﾄB 7228165,,M,100000,102000,732051
1,732062I000101,PEｺの字ｶﾊﾞｰ L=2100mm 200本～,PE,本,0,0,732062
1,732062I000201,PEｺﾉｼﾞｶﾊﾞｰ ｵﾚﾝｼﾞ 2100mm,PEｺﾉｼﾞｶﾊﾞｰ,,0,0,732062
1,732062I000301,粘着付きｴｯｼﾞｶﾊﾞｰ 1mm用 透明,ﾈﾝﾁｬｸﾂｷｴｯｼ,ｍ,0,0,732062
1,732081D000101,SYC5用配線ｶﾊﾞｰL160(18000本以上),SYC5ﾖｳﾊｲｾﾝ,本,160,161,732081
1,732081D000102,TS-272 配線隠しｶﾊﾞ- L1000 (2000本～),TS-272ﾊｲｾﾝ,本,1000,1000,732081
0 ,732081D000103,TS-272 配線隠しｶﾊﾞ- L1000 (4000本～),TS-272ﾊｲｾﾝ,本,1000,1000,732081
0 ,732081D000104,TS-272 配線隠しｶﾊﾞ- L1000 (6000本～),TS-272ﾊｲｾﾝ,本,1000,1000,732081
1,733022I000101,ﾊﾟｲﾌﾟｺﾞﾑ,,ｍ,0,0,733022
1,733022I000201,発泡樹脂2φ 3000m/1回,,ｍ,0,0,733022
0 ,733022I000202,発泡樹脂2φ 5000m/1回,,ｍ,0,0,733022
1,733042I000101,PFS-D1020(ﾃﾞｨﾌｭ-ｻﾞｰ)/300m以上,ﾃﾞｨﾌｭ-ｻﾞｰ,本,0,0,733042
0 ,733042I000102,PFS-D1020(ﾃﾞｨﾌｭ-ｻﾞｰ)/1000m以上,ﾃﾞｨﾌｭ-ｻﾞｰ,本,0,0,733042
0 ,733042I000103,PFS-D1020(ﾃﾞｨﾌｭ-ｻﾞｰ)/3000m以上,ﾌﾟﾛﾌｧｲﾙ,本,0,0,733042
1,733042I000104,PFS-D1520(ﾃﾞｨﾌｭ-ｻﾞｰ)/300m以上,ﾃﾞｨﾌｭ-ｻﾞｰ,本,0,0,733042
0 ,733042I000105,PFS-D1520(ﾃﾞｨﾌｭ-ｻﾞｰ)/1000m以上,ﾃﾞｨﾌﾕｰｻﾞｰ,本,0,0,733042
0 ,733042I000106,PFS-D1520(ﾃﾞｨﾌｭ-ｻﾞｰ)/3000m以上,ﾌﾟﾛﾌｧｲﾙ,本,0,0,733042
1,733042I000107,PFS-D2520(ﾃﾞｨﾌｭ-ｻﾞｰ)/300m以上,ﾃﾞｨﾌｭ-ｻﾞｰ,本,0,0,733042
0 ,733042I000108,PFS-D2520(ﾃﾞｨﾌｭ-ｻﾞｰ)/1000m以上,ﾌﾟﾛﾌｧｲﾙ,本,0,0,733042
0 ,733042I000109,PFS-D2520(ﾃﾞｨﾌｭ-ｻﾞｰ)/3000m以上,ﾌﾟﾛﾌｧｲﾙ,本,0,0,733042
1,733042I000201,ﾌﾟﾛﾌｧｲﾙ樹脂ｶﾊﾞｰ(硬質2色)/300m以上,ﾌﾟﾙﾌｧｲﾙ,ｍ,0,0,733042
0 ,733042I000202,ﾌﾟﾛﾌｧｲﾙ樹脂ｶﾊﾞｰ(硬質2色)/1000m以上,ﾌﾟﾙﾌｧｲﾙ,ｍ,0,0,733042
0 ,733042I000203,ﾌﾟﾛﾌｧｲﾙ樹脂ｶﾊﾞｰ(硬質2色)/3000m以上,ﾌﾟﾙﾌｧｲﾙ,ｍ,0,0,733042
0 ,733042I000110,ｺｰﾅｰ用ﾃﾞｨﾌｭｰｻﾞｰ① L=169.7mm ｶｯﾄ加工,ﾌﾟﾙﾌｧｲﾙ,本,0,0,733042
0 ,733042I000111,ｺｰﾅｰ用ﾃﾞｨﾌｭｰｻﾞｰ② L=169.7mm ｶｯﾄ加工,ﾌﾟﾙﾌｧｲﾙ,本,0,0,733042
1,733042I001101,PFM-FXC L=1000mm 300m/回,ﾌﾟﾙﾌｧｲﾙ,ｍ,0,0,733042
0 ,733042I001102,PFM-FXC L=1010mm 263本/回,PFM,本,0,0,733042
1,733042I001103,PFMﾃﾞｨﾌｭｰｻﾞｰ L=1000mm 300m/回,PFM,ｍ,0,0,733042
1,733042I001104,PFMﾃﾞｨﾌｭｰｻﾞｰ L=210mm 15本/回,PFM,本,0,0,733042
1,733042I001105,PFMﾃﾞｨﾌｭｰｻﾞｰ L=310mm 3本/回,PFM,本,0,0,733042
1,733042I001106,PFMﾃﾞｨﾌｭｰｻﾞｰ L=610mm 20本/回,PFM,本,0,0,733042
1,733042I001107,PFMﾃﾞｨﾌｭｰｻﾞｰ L=810mm 7本/回,PFM,本,0,0,733042
1,733042I001108,PFMﾃﾞｨﾌｭｰｻﾞｰ L=910mm 11本/回,PFM,本,0,0,733042
1,733042I001109,PFMﾃﾞｨﾌｭｰｻﾞｰ L=1160mm 191本/回,PFM,本,0,0,733042
1,733042I001110,PFMﾃﾞｨﾌｭｰｻﾞｰ L=2530mm 120本/回,PFM,本,0,0,733042
1,733042I001111,PFMﾃﾞｨﾌｭｰｻﾞｰ L=1030mm 300m/回,PFM,本,0,0,733042
1,733042I001112,PFMﾃﾞｨﾌｭｰｻﾞｰ L=1530mm 300m/回,PFM,本,0,0,733042
1,733042I001113,PFMﾃﾞｨﾌｭｰｻﾞｰ L=2530mm 300m/回,PFM,本,0,0,733042
0 ,733042I001114,PFM-D ｺｰﾅｰｾｯﾄ L=169.7 45度 押出,PFM,ｾｯﾄ,0,0,733042
0 ,733042I001115,PFM-D ｺｰﾅｰｾｯﾄ L=169.7 45度 後加工,PFM,ｾｯﾄ,0,0,733042
0 ,733042I001116,PFM-D ｺｰﾅｰｾｯﾄ L=169.7 67.5度 押出,PFM,ｾｯﾄ,0,0,733042
0 ,733042I001117,PFM-D ｺｰﾅｰｾｯﾄ L=169.7 67.5度 後加工,PFM,ｾｯﾄ,0,0,733042
1,733042I001118,PFM-D L=1000mm 1000m/回,PFM,ｾｯﾄ,0,0,733042
1,733042I001119,PFM-D L=1030mm,PFM,ｾｯﾄ,0,0,733042
1,733042I001120,PFM-D L=1530mm,PFM,ｾｯﾄ,0,0,733042
1,733042I001121,PFM-D L=2530mm,PFM,本,0,0,733042
0 ,733042I001122,PFS-D 特寸ｻｲｽﾞｶｯﾄ品,PFS-Dﾄｸｽﾝ,本,0,0,733042
0 ,733042I001123,PFS-D 特寸ｻｲｽﾞｶｯﾄ品 長さ調整費用,PFS-Dﾄｸｽﾝ,式,0,0,733042
1,734022I000101,低温発泡ｼｰﾄ(LE07)150mmxT2mm ｼｰﾄ10枚,ﾃｲｵﾝﾊｯﾎﾟｳ,式,0,0,734022
0 ,734022I000102,低温発泡ｼｰﾄ(LE07)150mmxT2mm ｼｰﾄ20枚,ﾃｲｵﾝﾊｯﾎﾟｳ,式,0,0,734022
0 ,734022I000103,低温発泡ｼｰﾄ(LE07)150mmxT2mm ｼｰﾄ30枚,ﾃｲｵﾝﾊｯﾎﾟｳ,式,0,0,734022
0 ,734022I000201,低温発泡ﾍﾟﾚｯﾄ(LE07) 500gの単価,ﾃｲｵﾝﾊｯﾎﾟｳ,式,0,0,734022
0 ,734022I000202,低温発泡ﾍﾟﾚｯﾄ(LE07) 1000gの単価,ﾃｲｵﾝﾊｯﾎﾟｳ,式,0,0,734022
1,734031D000101,側面発光LEDﾃｰﾌﾟ2色 L=1820mm(560本～),ｿｸﾒﾝﾊｯｺｳLE,本,1820,1830,734031
0 ,734031D000201,側面発光LEDﾃｰﾌﾟ中空L=1820mm(280本～),ｿｸﾒﾝﾊｯｺｳLE,,1820,1890,734031
0 ,734031D000203,側面発光LEDﾃｰﾌﾟ中空L1820mm(1120本～),ｿｸﾒﾝﾊｯｺｳLE,,1820,1890,734031
1,734042I000101,PCﾊﾟｲﾌﾟ 2.6x4.0x1100,PCﾊﾟｲﾌﾟ,本,0,0,734042
1,734042I000201,PCﾊﾟｲﾌﾟ 3.2x5.0x800,PCﾊﾟｲﾌﾟ,本,0,0,734042
0 ,734042I000202,PCﾊﾟｲﾌﾟ 3.2x5.0x1000(50本未満),PCﾊﾟｲﾌﾟ,式,0,0,734042
1,734042I000203,PCﾊﾟｲﾌﾟ 3.2x5.0x1000,PCﾊﾟｲﾌﾟ,本,0,0,734042
1,734042I000204,PCﾊﾟｲﾌﾟ 3.2x5.0x1300,PCﾊﾟｲﾌﾟ,本,0,0,734042
1,734042I000301,PCﾊﾟｲﾌﾟ 4.2x6.0x138.5,PCﾊﾟｲﾌﾟ,本,0,0,734042
1,734042I000302,PCﾊﾟｲﾌﾟ 4.2x6.0x800,PCﾊﾟｲﾌﾟ,本,0,0,734042
1,734042I000303,PCﾊﾟｲﾌﾟ 4.2x6.0x1000,PCﾊﾟｲﾌﾟ,本,0,0,734042
1,734042I000401,PCﾊﾟｲﾌﾟ 4.3x7.0x1000,PCﾊﾟｲﾌﾟ,本,0,0,734042
1,734042I000501,PC記号片ｹｰｽBC262C240HO1 L=1060 1000ﾎ,ｷｺﾞｳﾍﾝ,本,0,0,734042
0 ,734042I000502,PC記号片ｹｰｽBC262C240H01 L=1060 1000-,PCｷｺﾞｳﾍﾝｹｰ,本,0,0,734042
1,734042I000601,TE-T記号片 Z909457-1 L=1000 1000本/,ｷｺﾞｳﾍﾝ,本,0,0,734042
0 ,734042I000602,TE-T記号片 Z909457-1 L=1000 1000本～,ｷｺﾞｳﾍﾝ,本,0,0,734042
1,734042I000701,TE記号片ｹｰｽ B892488-1,ｷｺﾞｳﾍﾝ,本,0,0,734042
0 ,734042I000702,TE用記号片ｹｰｽ(B892488-1 L=1020 500本,TEｷｺﾞｳﾍﾝ,本,0,0,734042
0 ,734042I000703,TE用記号片ｹｰｽ(B892488-1) L=1020 1000,TEｷｺﾞｳﾍﾝ,本,0,0,734042
0 ,734042I000704,TE用記号片ｹｰｽ(B892488-1) L=1020 2000,TEｷｺﾞｳﾍﾝ,本,0,0,734042
1,734042I000501,Uﾎﾟﾘﾏｰ丸棒　8φx1000,,本,0,0,734042
1,734042I000601,Uﾎﾟﾘﾏｰﾊﾟｲﾌﾟ　8.5x6.5x1000L,,本,0,0,734042
1,734042I000602,Uﾎﾟﾘﾏｰﾊﾟｲﾌﾟ 13.2x10.2x1000L,,本,0,0,734042
1,734042I000701,記号紙ｶﾊﾞｰ　1T-5x1200L　2000本/回,ｷｺﾞｳﾍﾝ,本,0,0,734042
0 ,734042I000702,記号紙ｶﾊﾞｰ 1T-5x1200L L=120 2000本～,ｷｺﾞｳｼｶﾊﾞｰ,本,0,0,734042
1,734042I000801,新記号片ｹｰｽ BG940C044G01 L=1120,ｼﾝｷｺﾞｳﾍﾝｶﾊ,本,0,0,734042
1,734072I000101,格子本体6mm 023383(ﾐﾙｷｰﾎﾜｲﾄ) L=2000,ｺｳｼﾎﾝﾀｲ6mm,本,0,0,734072
1,734072I000201,格子本体6mm 023884(ｱｲﾎﾞﾘｰ) L=2000,ｺｳｼﾎﾝﾀｲ6mm,本,0,0,734072
1,734072I000301,格子本体6mm 081947(ﾌﾞﾛﾝｽﾞ) L=2000,ｺｳｼﾎﾝﾀｲ6mm,本,0,0,734072
1,734072I000401,格子本体6mm 930229(黒) L=2000,ｺｳｼﾎﾝﾀｲ6mm,本,0,0,734072
1,734072I000501,格子本体6mm HUV2540A(SGY) L=2000,ｺｳｼﾎﾝﾀｲ6mm,本,0,0,734072
1,734072I001101,12mm格子本体(K-3)0D7960(ｼﾛ) L=3000,12mmｺｳｼﾎﾝﾀ,本,0,0,734072
1,734072I001201,12mm格子本体(K-3)CB430(MW) L=3000,12mmｺｳｼﾎﾝﾀ,本,0,0,734072
1,734072I001301,12mm格子本体(K-3)7D5750ﾌﾞﾛﾝｽﾞ L=3000,12mmｺｳｼﾎﾝﾀ,本,0,0,734072
1,734072I001401,12mm格子本体(K-3)9D8030(黒) L=3000,12mmｺｳｼﾎﾝﾀ,本,0,0,734072
1,734072I001501,12mm格子本体(K-3)MADT90(SGY) L=3000,12mmｺｳｼﾎﾝﾀ,本,0,0,734072
1,734072I001601,12mm格子本体(K-3)2色 L=3000/ｶｸﾆﾝ,12mmｺｳｼﾎﾝﾀ,本,0,0,734072
1,734072I001701,Kｺｰﾅｰ(格子本体6mm用) 2000個/回,Kｺｰﾅｰ,個,0,0,734072
1,734072I002101,12mm格子用Kｺｰﾅｰ 1000個/回,Kｺｰﾅｰ,個,0,0,734072
1,734072I002201,12mm格子用Kｺｰﾅｰ SYG 1000個/回,Kｺｰﾅｰ,個,0,0,734072
1,734072I002301,12mm格子用Kｺｰﾅｰ ｱｲﾎﾞﾘｰ 1000個/回,Kｺｰﾅｰ,個,0,0,734072
1,734072I002401,12mm格子用Kｺｰﾅｰ ﾌﾞﾛﾝｽﾞ 1000個/回,Kｺｰﾅｰ,個,0,0,734072
0 ,734072I002501,12mm格子用Sｺｰﾅｰ 9000個/回 ｶｸﾆﾝ,Sｺｰﾅｰ,個,0,0,734072
1,734072I003101,6mm Sｺｰﾅｰ 10000個/回,Sｺｰﾅｰ,個,0,0,734072
1,734072I003201,ｺ型ｶﾞｲﾄﾞ L=2400,ｺｶﾞﾀｶﾞｲﾄﾞ,本,0,0,734092
1,734102D000101,DM-16 ｲﾝﾅｰﾁｭｰﾌﾞ L=221*,,,221,221,734102
1,734102D000201,DM-18 ｲﾝﾅｰﾁｭｰﾌﾞ L=258 ＊,,,258,258,734102
1,734102D000301,240用ｲﾝﾅｰﾁｭｰﾌﾞ L=240*,,,240,240,734102
1,734102D000401,260用ｲﾝﾅｰﾁｭｰﾌﾞ L=84 *,,,84,84,734102
1,734102D000402,260用ｲﾝﾅｰﾁｭｰﾌﾞ L=210 *,,,210,210,734102
1,734102D001101,Rｷｬﾘｰ用ｲﾝﾅｰﾁｭｰﾌﾞ(赤) L=1028*,,,0,0,734102
1,734102D001201,Rｷｬﾘｰ用ｲﾝﾅｰﾁｭｰﾌﾞ(青) L=1028*,,,0,0,734102
1,734102D001301,ﾃﾞﾐｯｸｽ250ｲﾝﾅｰﾁｭｰﾌﾞ L=63,,,0,0,734102
1,734102D001401,ﾃﾞﾐｯｸｽ250ｲﾝﾅｰﾁｭｰﾌﾞ L=169,,,0,0,734102
1,734102D001501,PVCｱｲﾎﾞﾘｰﾄｯﾃ L=3000,,,0,0,734102
1,734102D001601,PEﾊﾟｲﾌﾟﾅﾁｭﾗﾙ φ31x37.5x1890L,,,0,0,734102
1,734102D001701,半硬質PVC透明ﾚｰﾙ,,,0,0,734102
1,734102I001801,PCｶﾊﾞｰ NS-20用 L=990 *I*,,,0,0,734102
1,734102I001901,NS-20用PCｶﾊﾞｰ,NS-20 PC,本,0,0,734102
0 ,734111D000101,8 99123 IHﾌﾚｰﾑｶﾊﾞｰNEWﾌﾘｰｻｲｽﾞ ﾎﾝﾀｲNｶｲ,8 99123 IH,個,2500,2530,734111
0 ,734111D000102,8 99124 IHﾌﾚｰﾑｶﾊﾞｰNEW60cm ﾎﾝﾀｲNｶｲ,IHﾎﾝﾀｲ,個,2200,2230,734111
0 ,734111D000201,8 99125 ﾌﾚｶﾊﾞNEWﾌﾘｰｻｲｽﾞ BRN ﾊﾝｾｲﾋﾝN,8 99125,個,0,0,734111
0 ,734111D000301,8 99126 ﾌﾚｶﾊﾞNEWﾌﾘｰｻｲｽﾞ GRY ﾊﾝｾｲﾋﾝN,8 99126,個,0,0,734111
1,734111D000401,8 99127 IHﾌﾚｰﾑｶﾊﾞｰﾌﾘｰｻｲｽﾞﾎﾝﾀｲ2020,99127,個,2500,2530,734111
0 ,734111D000501,H007 割ﾚﾊﾟｲﾌﾟ滑ﾘ止ﾒ用 3x5 (3ｹｲﾘ),,,0,0,734111
0 ,734111D000502,H026 割ﾚﾊﾟｲﾌﾟ滑ﾘ止ﾒ用 3x5 (4ｹｲﾘ),,,0,0,734111
0 ,734111D000503,H191 割ﾚﾊﾟｲﾌﾟ滑ﾘﾄﾞﾒ用 3x5 (2ｹｲﾘ),,,0,0,734111
0 ,734111D000601,H207 割れﾊﾟｲﾌﾟ滑り止め用6x8,h207 ﾜﾚﾊﾟｲ,,40,40,734111
0 ,734111D000701,S24130 風呂用継ぎ目防水ﾃｰﾌﾟ(防ｶﾋﾞ剤,ﾎﾞｳｶﾋﾞｶﾋﾞ,,2500,2530,734111
1,734131D000101,NJB01230粘着付自在ﾌﾞｯｼｭ30m3.3x4.1有,,巻,30000,30500,734131
1,734131D000201,NJB01630粘着付自在ﾌﾞｯｼｭ30m4.3x4.7有,,巻,30000,30500,734131
1,734131D000301,NJB02430粘着付自在ﾌﾞｯｼｭ30m5.4x5.7 有,,巻,30000,30500,734131
1,734131D000102,NJBN01230粘着付自在ﾌﾞｯｼｭ30m3.3x4.1無,,巻,30000,30500,734131
1,734131D000202,NJBN01630粘着付自在ﾌﾞｯｼｭ30m4.3x4.7無,ﾝ1630ﾈﾝﾁｬｸ,巻,30000,30500,734131
1,734131D000302,NJBN02430粘着付自在ﾌﾞｯｼｭ30m5.4x5.7無,,巻,30000,30500,734131
1,734132I000101,ｴﾝﾋﾞ枠 孵化槽ﾊﾟｯｷﾝｸﾞL=3050,ﾌｶｿｳﾊﾟｯｷﾝ,本,0,0,734132
0 ,734132I000102,孵化層ﾊﾟｯｷﾝ L=3050　400本/回,ﾌｶｿｳﾊﾟｯｷﾝ,本,0,0,734132
1,734141D000101,6932 硬質白ﾊﾟｲﾌﾟ 6x8x1250L,,,0,0,734141
0 ,734154I000101,622033780 ﾚﾝｽﾞ L=1465 100本～,ﾎﾟﾘｶｰﾎﾞﾈｰﾄ,本,0,0,734151
1,734154I000102,622033790-0009 ﾚﾝｽﾞ L=1465mm,ﾎﾟﾘｶｰﾎﾞﾈｰﾄ,本,0,0,734154
1,734154I000103,620408270-0009 ﾚﾝｽﾞ L=3500mm 10本~,ﾎﾟﾘｶｰﾎﾞﾈｰﾄ,本,0,0,734154
1,734154I000201,622033780 ﾚﾝｽﾞ L=1465 ①50本,ﾎﾟﾘｶｰﾎﾞﾈｰﾄ,本,0,0,734151
1,734154I000202,622033790 ﾚﾝｽﾞ L=1645 ②120本,ﾎﾟﾘｶｰﾎﾞﾈｰﾄ,本,0,0,734151
1,734154I000203,620408270 ﾚﾝｽﾞ L=3500mm ③20本,ﾎﾟﾘｶｰﾎﾞﾈｰﾄ,本,0,0,734151
1,734154I000301,6220385600 片ｽﾘｯﾄ板 L=3500 透明/乳白,ｶﾀｽﾘｯﾄ,本,0,0,734151
1,734154I000401,62203788片ｽﾘｯﾄ板 L=1472 乳/乳 ﾌｨﾙﾑ1,ｶﾀｽﾘｯﾄ,本,0,0,734154
1,734154I000402,62203789片ｽﾘｯﾄ板 L=1652 乳/乳 ﾌｨﾙﾑ1,ｶﾀｽﾘｯﾄ,本,0,0,734154
1,734154I000403,62203888片ｽﾘｯﾄ板 L=3500 乳/乳 ﾌｨﾙﾑ1,ｶﾀｽﾘｯﾄ,本,0,0,734154
1,734154I000501,622037680 ｶｸｻﾝﾊﾞﾝ_ｳｽﾆｭｳﾊｸ L=1472,ｶｸｻﾝﾊﾞﾝ,本,0,0,734154
1,734154I000502,622038910 ｶｸｻﾝﾊﾞﾝ_ｳｽﾆｭｳﾊｸ L=1652,ｶｸｻﾝﾊﾞﾝ,本,0,0,734154
1,734154I000503,622038910 ｶｸｻﾝﾊﾞﾝ_ｳｽﾆｭｳﾊｸ L=3500,ｶｸｻﾝﾊﾞﾝ,本,0,0,734154
1,734154I000504,62203789-01ｶｸｻﾝﾊﾞﾝ(乳白)L=1652/100本,ｶｸｻﾝﾊﾞﾝ,本,0,0,734154
1,734162I000101,ﾊﾟｲﾌﾟｺﾞﾑ 12x17x30,ﾊﾟｲﾌﾟｺﾞﾑ,ケ,0,0,734162
1,734162I000201,花形ﾁｭｰﾌﾞ 6φ L=445,ﾊﾅｶﾞﾀﾁｭｰﾌﾞ,本,0,0,734162
1,734162I000202,花形ﾁｭｰﾌﾞ 6φ L=480,ﾊﾅｶﾞﾀﾁｭｰﾌﾞ,本,0,0,734162
1,734162I000203,花形ﾁｭｰﾌﾞ 6φ L=550,ﾊﾅｶﾞﾀﾁｭｰﾌﾞ,本,0,0,734162
1,734162I000204,花形ﾁｭｰﾌﾞ 6φ L=565,ﾊﾅｶﾞﾀﾁｭｰﾌﾞ,本,0,0,734162
1,734162I000205,花形ﾁｭｰﾌﾞ 6φ L=580,ﾊﾅｶﾞﾀﾁｭｰﾌﾞ,本,0,0,734162
1,734162I000206,花形ﾁｭｰﾌﾞ 6φ L=665,ﾊﾅｶﾞﾀﾁｭｰﾌﾞ,本,0,0,734162
0 ,734181D000101,ﾌｧﾌﾞﾃｯｸ巾木FBH01(ｱｲﾎﾞﾘｰ)1000本～,ﾌｧﾌﾞﾃｯｸﾊﾊﾞ,,2000,2045,734181
0 ,734181D000102,ﾌｧﾌﾞﾃｯｸ巾木FBH01(ｱｲﾎﾞﾘｰ)500本～,ﾌｧﾌﾞﾃｯｸﾊﾊﾞ,,2000,2045,734181
0 ,734181D000103,ﾌｧﾌﾞﾃｯｸ巾木FBH01(ｱｲﾎﾞﾘｰ)200本,ﾌｧﾌﾞﾃｯｸﾊﾊﾞ,,2000,2045,734181
0 ,734181D000104,ﾌｧﾌﾞﾃｯｸ巾木出隅材FBHDE01(ｱｲﾎﾞﾘｰ),ﾌｧﾌﾞﾃｯｸﾊﾊﾞ,,202,202,734181
0 ,734181D000105,ﾌｧﾌﾞﾃｯｸ巾木入隅材FBHIR01(ｱｲﾎﾞﾘｰ),ﾌｧﾌﾞﾃｯｸﾊﾊﾞ,,202,202,734181
0 ,734181D000201,ﾌｧﾌﾞﾃｯｸ巾木FBH02(ﾌﾞﾗｳﾝ)1000本～,ﾌｧﾌﾞﾃｯｸﾊﾊﾞ,,2000,2045,734181
0 ,734181D000202,ﾌｧﾌﾞﾃｯｸ巾木FBH02(ﾌﾞﾗｳﾝ)500本～,ﾌｧﾌﾞﾃｯｸﾊﾊﾞ,,2000,2045,734181
0 ,734181D000204,ﾌｧﾌﾞﾃｯｸ巾木出隅材FBHDE02(ﾌﾞﾗｳﾝ),ﾌｧﾌﾞﾃｯｸﾊﾊﾞ,,202,202,734181
0 ,734181D000205,ﾌｧﾌﾞﾃｯｸ巾木入隅材FBHIR02(ﾌﾞﾗｳﾝ),ﾌｧﾌﾞﾃｯｸﾊﾊﾞ,,202,202,734181
0 ,734181D000301,ﾌｧﾌﾞﾃｯｸ巾木FBH04(ﾌﾞﾗｯｸ)1000本～,ﾌｧﾌﾞﾃｯｸﾊﾊﾞ,,2000,2045,734181
0 ,734181D000302,ﾌｧﾌﾞﾃｯｸ巾木FBH04(ﾌﾞﾗｯｸ)500本～,ﾌｧﾌﾞﾃｯｸﾊﾊﾞ,,2000,2045,734181
0 ,734181D000304,ﾌｧﾌﾞﾃｯｸ巾木出隅材FBHDE04(ﾌﾞﾗｯｸ),ﾌｧﾌﾞﾃｯｸﾊﾊﾞ,,202,202,734181
0 ,734181D000305,ﾌｧﾌﾞﾃｯｸ巾木入隅材FBHIR04(ﾌﾞﾗｯｸ),ﾌｧﾌﾞﾃｯｸﾊﾊﾞ,,0,0,734181
0 ,734181D000401,ﾌｧﾌﾞﾃｯｸ巾木出隅材(加工費)FBHDE,ﾌｧﾌﾞﾃｯｸ,,0,0,734181
0 ,734181D000402,ﾌｧﾌﾞﾃｯｸ巾木入隅材(加工費)FBHIR,ﾌｧﾌﾞﾃｯｸ,,0,0,734181
0 ,734181D000501,ﾌｧﾌﾞﾃｯｸ腰壁ﾓｰﾙFBM01(ｱｲﾎﾞﾘｰ)1000本～,ﾌｧﾌﾞﾃｯｸｺｼｶ,,2000,2045,734181
0 ,734181D000502,ﾌｧﾌﾞﾃｯｸ腰壁ﾓｰﾙFBM01(ｱｲﾎﾞﾘｰ)500本～,ﾌｧﾌﾞﾃｯｸｺｼｶ,,2000,2045,734181
0 ,734181D000503,ﾌｧﾌﾞﾃｯｸ腰壁ﾓｰﾙFBM01(ｱｲﾎﾞﾘｰ)200本,ﾌｧﾌﾞﾃｯｸｺｼｶ,,2000,2045,734181
0 ,734181D000504,ﾌｧﾌﾞﾃｯｸ腰壁ﾓｰﾙ出隅材FBMDE01(ｱｲﾎﾞﾘｰ),ﾌｧﾌﾞﾃｯｸｺｼｶ,,202,202,734181
0 ,734181D000505,ﾌｧﾌﾞﾃｯｸ腰壁ﾓｰﾙ入隅材FBMIR01(ｱｲﾎﾞﾘｰ),ﾌｧﾌﾞﾃｯｸｺｼｶ,,202,202,734181
0 ,734181D000601,ﾌｧﾌﾞﾃｯｸ腰壁ﾓｰﾙFBM02(ﾌﾞﾗｳﾝ)1000本～,ﾌｧﾌﾞﾃｯｸｺｼｶ,,2000,2045,734181
0 ,734181D000602,ﾌｧﾌﾞﾃｯｸ腰壁ﾓｰﾙFBM02(ﾌﾞﾗｳﾝ)500本～,ﾌｧﾌﾞﾃｯｸｺｼｶ,,2000,2045,734181
0 ,734181D000603,ﾌｧﾌﾞﾃｯｸ腰壁ﾓｰﾙFBM02(ﾌﾞﾗｳﾝ)200本,ﾌｧﾌﾞﾃｯｸｺｼｶ,,2000,2045,734181
0 ,734181D000604,ﾌｧﾌﾞﾃｯｸ腰壁ﾓｰﾙ出隅材FBMDE02(ﾌﾞﾗｳﾝ),ﾌｧﾌﾞﾃｯｸｺｼｶ,,202,202,734181
0 ,734181D000605,ﾌｧﾌﾞﾃｯｸ腰壁ﾓｰﾙ入隅材FBMIR02(ﾌﾞﾗｳﾝ),ﾌｧﾌﾞﾃｯｸｺｼｶ,,202,202,734181
0 ,734181D000701,ﾌｧﾌﾞﾃｯｸ腰壁ﾓｰﾙFBM04(ﾌﾞﾗｯｸ) 1000本～,ﾌｧﾌﾞﾃｯｸｺｼｶ,,2000,2045,734181
0 ,734181D000702,ﾌｧﾌﾞﾃｯｸ腰壁ﾓｰﾙFBM04(ﾌﾞﾗｯｸ)500本～,ﾌｧﾌﾞﾃｯｸｺｼｶ,,2000,2045,734181
0 ,734181D000704,ﾌｧﾌﾞﾃｯｸ腰壁ﾓｰﾙ出隅材FBMDE04(ﾌﾞﾗｯｸ),ﾌｧﾌﾞﾃｯｸｺｼｶ,,202,202,734181
0 ,734181D000705,ﾌｧﾌﾞﾃｯｸ腰壁ﾓｰﾙ入隅材FBMIR04(ﾌﾞﾗｯｸ),ﾌｧﾌﾞﾃｯｸｺｼｶ,,202,202,734181
0 ,734181D000801,ﾌｧﾌﾞﾃｯｸ腰壁ﾓｰﾙ出隅材(加工費)FBMDE,ﾌｧﾌﾞﾃｯｸｺｼｶ,,0,0,734181
0 ,734181D000802,ﾌｧﾌﾞﾃｯｸ腰壁ﾓｰﾙ入隅材(加工費)FBMIR,ﾌｧﾌﾞﾃｯｸｺｼｶ,,0,0,734181
1,734242B000101,火防(熱膨張材) ITS-B001 W10xt=2.4,ITS-B001ﾈﾂ,M,0,0,734241
1,734242B000201,火防(熱膨張材) ITS-WTP39 W10xt=3,ITS-B001ﾈﾂ,M,0,0,734241
1,734252I000101,ﾍﾟｰｽﾄｽｯﾄﾌﾟDP-H型(PS新型大),ﾍﾞｰｽﾄｽﾄｯﾌﾟ,個,0,0,734252
1,734252I000201,ﾍﾟｰｽﾄｽﾄｯﾌﾟDP-K型(PS旧型）,ﾍﾞｰｽﾄｽﾄｯﾌﾟ,個,0,0,734252
1,734252I000301,ﾍﾟｰｽﾄｽﾄｯﾌﾟDP-K型(PS新型),ﾍﾞｰｽﾄｽﾄｯﾌﾟ,個,0,0,734252
1,734252I000401,ﾍﾟｰｽﾄｽﾄｯﾌﾟ高圧旧型,ﾍﾞｰｽﾄｽﾄｯﾌﾟ,個,0,0,734252
1,734252I000501,ﾍﾟｰｽﾄｽﾄｯﾌﾟ高圧新型,ﾍﾞｰｽﾄｽﾄｯﾌﾟ,個,0,0,734252
1,734261D000101,2x3透明ﾁｭｰﾌﾞ,,,0,0,734261
1,734261D000201,PEﾁｭｰﾌﾞ(HDPE) 2.5x4x430L,ﾍﾟﾁｭｰﾌﾞ(hd,本,430,430,734261
0 ,734261D000301,9x25 6分割ﾊﾟｲﾌﾟ L=10m,,,0,0,734261
0 ,734261D000401,PE ｺﾉ字成形品5.5x15 L=100m,,,0,0,734261
1,734261D000501,PEﾁｭｰﾌﾞ(HDPE) 4φx6φx300L,ﾍﾟﾁｭｰﾌﾞ(hd,本,300,300,734261
0 ,734261D000601,ｺﾉ字型 ﾊﾟｯｷﾝ L=200m,,,0,0,734261
1,734261D000701,ﾊｲｾﾞｯｸｽﾁｭｰﾌﾞ 4x6x100m *,,,100000,105000,734261
0 ,734261D000801,ﾊｲｾﾞｯｸｽﾁｭｰﾌﾞ10x11.2 *,,,0,0,734261
1,734261D000901,ﾊｲｾﾞｯｸｽﾊﾟｲﾌﾟ2.5x4 L=300,,,300,300,734261
1,734261D000702,ﾊｲｾﾞｯｸｽﾊﾟｲﾌﾟ4x6 L=100,,,100,100,734261
1,734261D001101,座面 C-BOX L=299,,,0,0,734261
1,734261D001201,難燃性PEﾊﾟｲﾌﾟ8x10 L=100m,,,0,0,734261
1,734261D000703,721741-10050 LDPE 4x6x240L ±10,ldﾍﾟ 4x6x2,本,240,240,734261
1,734271D000101,ｽﾍﾟｰｽｶﾞｰﾄﾞ L=260 1000本,ｽﾍﾟｰｽｶﾞｰﾄﾞ,本,1355,1355,734271
0 ,734291D000101,4576-5381-04 ｽﾎﾟｲﾗｰ,,,220,220,734291
0 ,734291D000201,4576-5381-04EOLZ,4576-5381-,kg,0,0,734291
0 ,734291D000301,A00W-3781-00A ｶﾞｲﾄﾞ板,,,220,220,734291
0 ,734291D000401,A00W-3781-00EOLZ,ｱ00w-3781-,kg,0,0,734291
0 ,734311D000101,ﾌｪﾝﾀﾞｰｶﾞｰﾄﾞ L=1150 黒*,,,1150,1160,734311
0 ,734311D000102,ﾌｪﾝﾀﾞｰｶﾞｰﾄﾞ L=1400 黒*,,,1400,1410,734311
0 ,734311D000201,ﾌｪﾝﾀﾞｰﾊﾟｯｷﾝ(2),,,0,0,734311
0 ,734311D000301,ｽﾋﾟｰｶｰ用ｹﾞﾙ成形品 7.5x8.5,,,0,0,734311
1,734321D000101,W01642 ALB-N 固定ﾋﾞｰﾄ(EVA),,,100000,105000,734321
0 ,734321D000201,SKP-V ﾋﾞﾆｰﾙﾀｲﾄ,,,0,0,734321
0 ,734321D000301,上下窓障子気密ﾋﾞｰﾄ,,,0,0,734321
0 ,734321D000401,笠木ｸｯｼｮﾝｺﾞﾑ L=50mm *,,,0,0,734321
0 ,734321D000501,上下窓ｶﾞﾗｽﾌﾞﾛｯｸ L型 L=7,,,0,0,734321
0 ,734321D000601,目隠しﾊﾟﾈﾙ1型 L=4000 ﾌﾞﾛﾝｽﾞﾗｲﾝ,,,0,0,734321
0 ,734321D000602,目隠しﾊﾟﾈﾙ2型 L=4000 ﾌﾞﾛﾝｽﾞﾗｲﾝ,,,0,0,734321
0 ,734321D000701,目隠しﾊﾟﾈﾙ2型 ｸﾞﾚｰ L=3600,,,0,0,734321
0 ,734321D000801,外枠戸当りﾋﾞｰﾄ 522010 *,,,0,0,734321
0 ,734321D000901,子扉戸当りﾋﾞｰﾄ 652061,,,0,0,734321
0 ,734321D001101,PS外れ止めｸﾘｯﾌﾟ L=1000,,,0,0,734321
0 ,734321D001201,YL-4C ﾛｰﾗｰﾊﾟｲﾌﾟ L=223 ｵﾚﾝｼﾞ*,,,0,0,734321
0 ,734321D001202,RL-4C ﾛｰﾗｰﾊﾟｲﾌﾟ L=288 *,,,0,0,734321
1,740052I000101,LEDｶﾊﾞｰ 透明 L=1500 150本～,LEDｶﾊﾞｰﾄｳ,本,0,0,740052
0 ,740052I000102,LEDｶﾊﾞｰ 透明 L=1500 300本～,LEDｶﾊﾞｰﾄｳ,本,0,0,740052
0 ,740052I000103,LEDｶﾊﾞｰ 透明 L=1500 500本～,LEDｶﾊﾞｰ ﾆｭ,本,0,0,740052
0 ,740052I000104,LEDｶﾊﾞｰ 透明 L=1500 1000本～,LEDｶﾊﾞｰ ﾆｭ,本,0,0,740052
1,740052I000201,LEDｶﾊﾞｰ 乳白 L=1500 150本～,LEDｶﾊﾞｰ ﾆｭ,本,0,0,740052
0 ,740052I000202,LEDｶﾊﾞｰ 乳白 L=1500 300本～,LEDｶﾊﾞｰ ﾆｭ,本,0,0,740052
0 ,740052I000203,LEDｶﾊﾞｰ 乳白 L=1500 500本～,LEDｶﾊﾞｰ ﾆｭ,本,0,0,740052
0 ,740052I000204,LEDｶﾊﾞｰ 乳白 L=1500 1000本～,LEDｶﾊﾞｰ ﾆｭ,本,0,0,740052
1,740052I000301,LEDｶﾊﾞｰ(片側配光用) L=1500 100本/回,LEDｶﾊﾞｰ,本,0,0,740052
0 ,740052I000302,LEDｶﾊﾞｰ(片側配光用) L=1500 500本/回,LEDｶﾊﾞｰ,本,0,0,740052
0 ,740052I000303,LEDｶﾊﾞｰ(片側配光用) L=1500 300-499,LEDｶﾊﾞｰ,本,0,0,740052
1,740052I000401,LEDｶﾊﾞｰ(両側配光用) L=1500 100本/回,LEDｶﾊﾞｰ,本,0,0,740052
1,740052I000501,LED固定ﾚｰﾙ ｸﾞﾚｰ L=1500 300本～,LEDｺﾃｲﾚｰﾙ,本,0,0,740052
0 ,740052I000502,LED固定ﾚｰﾙ ｸﾞﾚｰ L=1500 500本～,LEDｺﾃｲﾚｰﾙ,本,0,0,740052
0 ,740052I000503,LED固定ﾚｰﾙ ｸﾞﾚｰ L=1500 1000本～,LEDｺﾃｲﾚｰﾙ,本,0,0,740052
1,740052I000601,LED固定ﾚｰﾙ(曲線部用) L=1500 70本,LEDｺﾃｲﾚｰﾙ(,本,0,0,740052
0 ,740052I000602,LED固定ﾚｰﾙ(曲線部用) L=1500 100本,LEDｺﾃｲﾚｰﾙ(,本,0,0,740052
0 ,740052I000603,LED固定ﾚｰﾙ(曲線部用) L=1500 200本,LEDｺﾃｲﾚｰﾙ(,本,0,0,740052
0 ,740052I000604,LED固定ﾚｰﾙ(曲線部用) L=1500 300-499,LEDｺﾃｲﾚｰﾙ(,本,0,0,740052
1,740052I000701,ｽﾃﾗ ﾊｲﾊﾟﾜｰﾀｲﾌﾟﾚｰﾙ L=1500 100本,ﾚｰﾙ,本,0,0,740052
0 ,740052I000702,ｽﾃﾗ ﾊｲﾊﾟﾜｰﾀｲﾌﾟﾚｰﾙ L=1500 300本,ﾚｰﾙ,本,0,0,740052
0 ,740052I000703,ｽﾃﾗ ﾊｲﾊﾟﾜｰﾀｲﾌﾟﾚｰﾙ L=1500 500本,ﾚｰﾙ,本,0,0,740052
1,740052I000801,ｽﾃﾗﾊｲﾊﾟﾜｰﾀｲﾌﾟLED固定ﾚｰﾙ(D)L=1500 100,ﾚｰﾙ,本,0,0,740052
0 ,740052I000802,ｽﾃﾗﾊｲﾊﾟﾜｰﾀｲﾌﾟLED固定ﾚｰﾙ(D)L=1500 300,ﾚｰﾙ,本,0,0,740052
0 ,740052I000803,ｽﾃﾗﾊｲﾊﾟﾜｰﾀｲﾌﾟLED固定ﾚｰﾙ(D)L=1500 500,ﾚｰﾙ,本,0,0,740052
1,740052I000901,ｽﾃﾗﾊｲﾊﾟﾜｰﾀｲﾌﾟLED固定ﾚｰﾙ(L) L=1500,ﾚｰﾙ,本,0,0,740052
1,740052I001101,ｽﾃﾗﾊｲﾊﾟﾜｰﾀｲﾌﾟｶﾊﾞｰ(Rﾀｲﾌﾟ) L=2000 100,ｶﾊﾞｰ,本,0,0,740052
0 ,740052I001102,ｽﾃﾗﾊｲﾊﾟﾜｰﾀｲﾌﾟｶﾊﾞｰ(Rﾀｲﾌﾟ) L=2000 300,ｶﾊﾞｰ,本,0,0,740052
0 ,740052I001103,ｽﾃﾗﾊｲﾊﾟﾜｰﾀｲﾌﾟｶﾊﾞｰ(Rﾀｲﾌﾟ) L=2000 500,ｶﾊﾞｰ,本,0,0,740052
1,740052I001201,ｽﾃﾗﾊｲﾊﾟﾜｰﾀｲﾌﾟｶﾊﾞｰ ｸﾘｱ L=2000 100本,ｶﾊﾞｰ,本,0,0,740052
0 ,740052I001202,ｽﾃﾗﾊｲﾊﾟﾜｰﾀｲﾌﾟｶﾊﾞｰ ｸﾘｱ L=2000 300本,ｶﾊﾞｰ,本,0,0,740052
0 ,740052I001203,ｽﾃﾗﾊｲﾊﾟﾜｰﾀｲﾌﾟｶﾊﾞｰ ｸﾘｱ L=2000 500本,ｶﾊﾞｰ,本,0,0,740052
1,740052I001301,ｽﾃﾗﾊｲﾊﾟﾜｰﾀｲﾌﾟｶﾊﾞｰ乳白 L=2000 100本,ｶﾊﾞｰ,本,0,0,740052
0 ,740052I001302,ｽﾃﾗﾊｲﾊﾟﾜｰﾀｲﾌﾟｶﾊﾞｰ乳白 L=2000 300本,ｶﾊﾞｰ,本,0,0,740052
0 ,740052I001303,ｽﾃﾗﾊｲﾊﾟﾜｰﾀｲﾌﾟｶﾊﾞｰ乳白 L=2000 500本,ｶﾊﾞｰ,本,0,0,740052
1,740052I001401,ﾊﾞｳﾑNﾗｲﾝﾗｲﾝ用固定ﾊﾟｰﾂL=1000 ｸﾘｱ/50,ﾊﾞｳﾑNLED,本,0,0,740052
0 ,740052I001402,ﾊﾞｳﾑNﾗｲﾝﾗｲﾝ用固定ﾊﾟｰﾂL=1000 ｸﾘｱ/100,ﾊﾞｳﾑNLED,本,0,0,740052
0 ,740052I001403,ﾊﾞｳﾑNﾗｲﾝﾗｲﾝ用固定ﾊﾟｰﾂL=1000 ｸﾘｱ/150,ﾊﾞｳﾑNLED,本,0,0,740052
1,740052I001501,ﾊﾞｳﾑNﾗｲﾝﾗｲﾝ用固定ﾊﾟｰﾂL=1000 乳白/50,ﾊﾞｳﾑNLED,本,0,0,740052
0 ,740052I001502,ﾊﾞｳﾑNﾗｲﾝﾗｲﾝ用固定ﾊﾟｰﾂL=1000 乳白/100,ﾊﾞｳﾑNLED,本,0,0,740052
0 ,740052I001503,ﾊﾞｳﾑNﾗｲﾝﾗｲﾝ用固定ﾊﾟｰﾂL=1000 乳白/150,ﾊﾞｳﾑNLED,本,0,0,740052
1,740052I001601,誘導LED固定ﾚｰﾙ ｸﾞﾚｰ L=1500 100本/回,ﾕｳﾄﾞｳLEDｺﾃ,本,0,0,740052
0 ,740052I001602,誘導LED固定ﾚｰﾙ ｸﾞﾚｰ L=1500 200本/回,ﾕｳﾄﾞｳLEDｺﾃ,本,0,0,740052
1,740052I001701,ﾊﾞｳﾑNﾗｲﾝﾗｲﾝ用固定ﾊﾟｰﾂL=1000 ｸﾘｱ/50,ﾊﾞｳﾑNLED,本,0,0,740052
0 ,740052I001702,ﾊﾞｳﾑNﾗｲﾝﾗｲﾝ用固定ﾊﾟｰﾂL=1000 ｸﾘｱ/100,ﾊﾞｳﾑNLED,本,0,0,740052
0 ,740052I001703,ﾊﾞｳﾑNﾗｲﾝﾗｲﾝ用固定ﾊﾟｰﾂL=1000 ｸﾘｱ/150,ﾊﾞｳﾑNLED,本,0,0,740052
1,740052I001801,ﾊﾞｳﾑNﾗｲﾝﾗｲﾝ用固定ﾊﾟｰﾂL=1000 乳白/50,ﾊﾞｳﾑNLED,本,0,0,740052
0 ,740052I001802,ﾊﾞｳﾑNﾗｲﾝﾗｲﾝ用固定ﾊﾟｰﾂL=1000 乳白/100,ﾊﾞｳﾑNLED,本,0,0,740052
0 ,740052I001803,ﾊﾞｳﾑNﾗｲﾝﾗｲﾝ用固定ﾊﾟｰﾂL=1000 乳白/150,ﾊﾞｳﾑNLED,本,0,0,740052
1,740052I001901,ｽﾃﾗ ﾊｲﾊﾟﾜｰﾀｲﾌﾟﾚｰﾙ L=2000 75本,ﾚｰﾙ,本,0,0,740052
1,740081D000101,1mm粘着付きｴｯｼﾞｶﾊﾞｰ 黒,ﾂｷ  ｸﾛ,M,0,0,740081
1,740092I000101,LED蛍光灯 PCｶﾊﾞｰ W67 L=1200 200以上,LEDｹｲｺｳﾄｳ,本,0,0,740092
0 ,740092I000102,LED蛍光灯 PCｶﾊﾞｰ W67 L=1200 500以上,LEDｹｲｺｳﾄｳ,本,0,0,740092
0 ,740092I000103,LED蛍光灯 PCｶﾊﾞｰ W67 L=1200 1300以上,LEDｹｲｺｳﾄｳ,本,0,0,740092
1,740101I000101,3Dﾌﾟﾘﾝﾀｰ用 AR-45ﾍﾞｰｽﾌｨﾗﾒﾝﾄ 3巻,ﾌｨﾗﾒﾝﾄ,式,0,0,740101
1,740101I000201,SC75/CNT 7%入り ﾌｨﾗﾒﾝﾄ,ﾌｨﾗﾒﾝﾄ,巻,0,0,740101
1,740101I000301,NPU8618-1903 導電ﾌｨﾗﾒﾝﾄ(500g),ﾌｨﾗﾒﾝﾄ,巻,0,0,740101
1,740101I000401,NLU8618ﾌｨﾗﾒﾝﾄ 500g巻,NLU8618,巻,0,0,740101
1,741031D000101,PPﾊﾟｲﾌﾟ 8x10x130,,,130,130,741031
1,741031D000102,PPﾊﾟｲﾌﾟ 8x10x200,,,200,200,741031
1,741031D000103,PPﾊﾟｲﾌﾟ 8x10x235･,,,235,235,741031
1,741031D000104,PPﾊﾟｲﾌﾟ 8x10x255,,,255,255,741031
1,741031D000105,PPﾊﾟｲﾌﾟ 8x10x350,,,350,350,741031
1,741031D000201,10φｽﾊﾟｲﾗﾙﾁｭｰﾌﾞ ARS-10-127,,,0,0,741031
1,741031D000301,NKE-016N 粘着ｴｯｼﾞｶﾊﾞｰ(150m～),NEK,,30,32,741031
0 ,741031D000302,NKE-016N 粘着ｴｯｼﾞｶﾊﾞｰ(300m～),NEK,,30,32,741031
0 ,741031D000303,NKE-016N 粘着ｴｯｼﾞｶﾊﾞｰ(600m～）,NEK,,30,32,741031
0 ,741031D000304,NKE-016N 粘着ｴｯｼﾞｶﾊﾞｰ(900m～）,NEK,,30,32,741031
0 ,741031D000305,NKE-016N 粘着ｴｯｼﾞｶﾊﾞｰ(1200m～）,NEK,,30,32,741031
0 ,741031D000306,NKE-016N 粘着ｴｯｼﾞｶﾊﾞｰ(1500m～）,NEK,,30,32,741031
1,741031D000401,NKG-032N 自在ﾌﾞｯｼｭ 711230500 30m巻,,,30000,30000,741031
1,741031D000501,ｱｰｽ線ｶﾞｰﾄﾞ ARS-03-127,,,0,0,741031
1,741031D000601,ﾏｰｸﾁｭｰﾌﾞUFO 試作(難燃ｵﾚﾌｨﾝｴﾗｽﾄﾏｰ白),,,0,0,741031
1,741062I000101,ARBOE-1911-1000　100本/回,ARBOE-1911,本,0,0,741062
0 ,741062I000102,ARBOE-1911-1000　200本/回,ARBOE-1911,本,0,0,741062
0 ,741062I000103,ARﾊﾞｸﾞﾊﾞﾝﾊﾟ- ARBOE-1911-1000/600本,ﾊﾞｸﾞﾊﾞﾝﾊﾟｰ,個,0,0,741062
1,741062I000104,ARﾊﾞｸﾞﾊﾞﾝﾊﾟ- AROB-1911-1000/300本,ﾊﾞｸﾞﾊﾞﾝﾊﾟｰ,個,0,0,741062
1,741062I000201,ARｽﾊﾟｲﾗﾙﾁｭｰﾌﾞARSE-20-1000　100本/回,ARSE-20-10,本,0,0,741062
0 ,741062I000202,ARｽﾊﾟｲﾗﾙﾁｭｰﾌﾞARSE-20-1000　200本/回,ARSE-20-10,本,0,0,741062
1,741062I000301,ARﾌﾗｯﾄﾊﾞｰ ARFOE-1520-435,ﾌﾗｯﾄﾊﾞｰ,個,0,0,741062
1,741062I000302,ARﾌﾗｯﾄﾊﾞｰARFOE-1520-1000 10本/袋 600,ﾌﾗｯﾄﾊﾞｰ,個,0,0,741062
0 ,741062I000303,ARﾌﾗｯﾄﾊﾞｰARFOE-1520-1000 10本/袋 千,ﾌﾗｯﾄﾊﾞｰ,個,0,0,741062
0 ,741062I000304,ARﾌﾗｯﾄﾊﾞｰARFOE-1520-1000 10本/袋 2千,ﾌﾗｯﾄﾊﾞｰ,個,0,0,741062
1,741062I000305,ARﾌﾗｯﾄﾊﾞｰARFOE-1520-1000 2本/袋 600,ﾌﾗｯﾄﾊﾞｰ,個,0,0,741062
0 ,741062I000306,ARﾌﾗｯﾄﾊﾞｰARFOE-1520-1000 2本/袋 千,ﾌﾗｯﾄﾊﾞｰ,個,0,0,741062
0 ,741062I000307,ARﾌﾗｯﾄﾊﾞｰARFOE-1520-1000 2本/袋 2千,ﾌﾗｯﾄﾊﾞｰ,個,0,0,741062
0 ,741062I000308,ARﾌﾗｯﾄﾊﾞｰARFOE-1520-1000 10本/袋 300,ﾌﾗｯﾄﾊﾞｰ,個,0,0,741062
0 ,741062I000309,ARﾌﾗｯﾄﾊﾞｰARFE-1520-1000,ﾌﾗｯﾄﾊﾞｰ,個,0,0,741062
0 ,741062I000401,ARﾘﾝｸﾞｾｯﾄｱｯﾌﾟﾂｰﾙ用袋 L=1000 100枚,ARﾘﾝｸﾞｾｯﾄｱ,式,0,0,741062
0 ,741062I000501,ﾊﾞｸﾞﾊﾞﾝﾊﾟｰBON-1911-1000(薬剤ﾅｼ)500本,ﾊﾞｸﾞﾊﾞﾝﾊﾟｰ,本,0,0,741062
0 ,741062I000601,架橋PE13Aｽﾄﾚｰﾄ管 4800m以上/回,ｽﾄﾚｰﾄｶﾝ,本,0,0,741062
1,741062I000602,架橋PE13Aｽﾄﾚｰﾄ管 L=1220.5 定寸ｶｯﾄ品,ｽﾄﾚｰﾄｶﾝ,本,0,0,741062
0 ,741062I000603,定寸ｶｯﾄ費用(PE13A管に限る),,本,0,0,741062
1,741062I000701,架橋PE16A(XLFH仕様) L=100m巻,,巻,0,0,741062
1,741062I000801,ARｱｰｽ線ｶﾞｰﾄﾞ AREE-03-127 3000本/回,ｱｰｽｾﾝｶﾞｰﾄﾞ,個,0,0,741062
0 ,741062I000802,ARｱｰｽ線ｶﾞｰﾄﾞ AREE-03-127 5000本/回,ｱｰｽｾﾝｶﾞｰﾄﾞ,個,0,0,741062
0 ,741062I000803,ARｱｰｽ線ｶﾞｰﾄﾞ AREE-03-127 10000本/回,ｱｰｽｾﾝｶﾞｰﾄﾞ,個,0,0,741062
1,741062I000901,ARｽﾊﾟｲﾗﾙﾁｭｰﾌﾞ ARSE-10-127　5000本/回,ｽﾊﾟｲﾗﾙ,個,0,0,741062
0 ,741062I000902,ARｽﾊﾟｲﾗﾙﾁｭｰﾌﾞ ARSE-10-127　6000本/回,ｽﾊﾟｲﾗﾙ,個,0,0,741062
0 ,741062I000903,ARｽﾊﾟｲﾗﾙﾁｭｰﾌﾞ ARSE-10-127 10000本/回,ｽﾊﾟｲﾗﾙ,個,0,0,741062
1,741081D000101,Findoor(ﾌﾗｯﾄ仕様)用ﾄﾞｱﾊﾟｯｷﾝ,Findoor(ﾌﾗ,m,3000,3070,741081
1,741092I000101,13㎜用 U型ｱﾀｯﾁﾒﾝﾄ L=2000,13mmUｶﾞﾀ,本,0,0,741092
1,741112I000101,半円押出ﾚﾝｽﾞ(H3.6mm) L=1950mm 200本,ﾊﾝｴﾝｵｼﾀﾞｼﾚ,本,0,0,741112
0 ,741112I000102,半円押出ﾚﾝｽﾞ(H3.6mm) L=1950mm 1000本,ﾊﾝｴﾝｵｼﾀﾞｼﾚ,本,0,0,741112
0 ,741112I000103,半円押出ﾚﾝｽﾞ(H3.6mm) L=1950mm 2000本,ﾊﾝｴﾝｵｼﾀﾞｼﾚ,本,0,0,741112
0 ,741112I000104,半円押出ﾚﾝｽﾞ(H3.6mm) L=1950mm 5000本,ﾊﾝｴﾝｵｼﾀﾞｼﾚ,本,0,0,741112
0 ,741112I000105,半円押出ﾚﾝｽﾞ(H3.6mm) L=1950mm 500本,ﾊﾝｴﾝｵｼﾀﾞｼﾚ,本,0,0,741112
0 ,741112I000201,ｺｰﾅｰ用ﾃﾞｨﾌｭｰｻﾞｰ L=169.7 45度 (押出),ﾃﾞｨﾌｭｰｻﾞｰ,本,0,0,741112
0 ,741112I000301,PFM-D L=1000mm 1000m/回,PFM,ｾｯﾄ,0,0,741112
1,741112I000302,PFM-D L=1030mm / 300m回,PFM,本,0,0,741112
1,741112I000303,PFM-D L=1530mm / 300m回,PFM,本,0,0,741112
1,741112I000304,PFM-D L=2530mm / 300m回,PFM,本,0,0,741112
0 ,741112I000305,PFM-D L=1030mm / 1000m回,PFM,本,0,0,741112
0 ,741112I000306,PFM-D L=1530mm / 1000m回,PFM,本,0,0,741112
0 ,741112I000307,PFM-D L=2530mm / 1000m回,PFM,本,0,0,741112
1,741112I000308,PFMﾃﾞｨﾌｭｰｻﾞｰ L=1030mm 54本/回,PFM,本,0,0,741112
1,741112I000309,PFMﾃﾞｨﾌｭｰｻﾞｰ L=1530mm 54本/回,PFM,本,0,0,741112
1,741112I000310,PFMﾃﾞｨﾌｭｰｻﾞｰ L=2530mm 54本/回,PFM,本,0,0,741112
0 ,741112I000311,PFM-D ｺｰﾅｰｾｯﾄ L=169.7 45度 押出 50/,PFM,本,0,0,741112
0 ,741112I000312,PFM-D ｺｰﾅｰｾｯﾄ L=169.7 45度 押出 100,PFM,本,0,0,741112
0 ,741112I000313,PFM-D ｺｰﾅｰｾｯﾄ L=169.7 45度 押出 200,PFM,本,0,0,741112
0 ,741112I000314,PFM-D ｺｰﾅｰｾｯﾄ L=169.7 67.5度 押出,PFM,本,0,0,741112
0 ,741112I000315,PFM-D ｺｰﾅｰｾｯﾄ L=169.7 90度 左右100,PFM,set,0,0,741112
0 ,741112I000316,PFM-D ｺｰﾅｰｾｯﾄ L=169.7 90度 左右200,PFM,set,0,0,741112
0 ,741112I000317,PFM-D ｺｰﾅｰｾｯﾄ L=169.7 90度 左右100,PFM,set,0,0,741112
0 ,741112I000318,PFM-D ｺｰﾅｰｾｯﾄ L=169.7 90度 左右200,PFM,set,0,0,741112
0 ,741112I000319,PFM-D ｺｰﾅｰｾｯﾄ L=169.7 45度 右 200,PFM,本,0,0,741112
0 ,741112I000320,PFM-D ｺｰﾅｰｾｯﾄ L=367 45度ｶｯﾄ費用,PFM,本,0,0,741112
1,741112I000401,PFM-FXC L=1000mm 300m/回,PFM-FXC,ｍ,0,0,741112
1,741112I000402,PFM-FXC L=1010mm 263本/回,PFM-FXC,本,0,0,741112
1,741112I000403,PFM-FXC L=500mm 300m/回,PFM-FXC,本,0,0,741112
0 ,741112I000404,PFM-FXC L=500mm 1000m/回,PFM-FXC,本,0,0,741112
1,741112I000405,PFM-FXC L=110mm 300m/回,PFM-FXC,本,0,0,741112
0 ,741112I000406,PFM-FXC L=110mm 1000m/回,PFM-FXC,本,0,0,741112
1,741132I000101,ｶﾞﾗｽｼﾞｮｲﾅｰ L=360,ｶﾞﾗｽｼﾞｮｲﾅｰ,本,0,0,741132
1,741132I000102,ｶﾞﾗｽｼﾞｮｲﾅｰ L=720,ｶﾞﾗｽｼﾞｮｲﾅｰ,本,0,0,741132
1,741132I000103,ｶﾞﾗｽｼﾞｮｲﾅｰ L=722,ｶﾞﾗｽｼﾞｮｲﾅｰ,本,0,0,741132
1,741132I000104,ｶﾞﾗｽｼﾞｮｲﾅｰ L=1524,ｶﾞﾗｽｼﾞｮｲﾅｰ,本,0,0,741132
1,741132I000201,丸形ﾊﾟｯｷﾝ(100mx4巻)一式(ｷﾝｸﾞ工業),ﾏﾙｶﾞﾀﾊﾟｯｷﾝ,式,0,0,741132
1,741132I000301,戸当りｴｯｼﾞ L=2500,ﾄｱﾀﾘｴｯｼﾞ,本,0,0,741132
1,741132I000401,書庫用引手(大)(ｷﾝｸﾞ工業),,個,0,0,741132
1,741162I000101,LED手摺ｶﾊﾞｰ L=2410 300本～ 運賃別途,LEDﾊﾞﾗｽﾀｰｶ,本,0,0,741162
1,741162I000102,LED手摺ｶﾊﾞｰ L=3200mm,LEDﾃｽﾘｶﾊﾞｰ,本,0,0,741162
1,741162I000103,LED手摺ｶﾊﾞｰ L=1000mm 最低ﾛｯﾄ720m,LEDﾃｽﾘｶﾊﾞｰ,本,0,0,741162
0 ,741162I000104,LED手摺ｶﾊﾞｰ L=,LEDﾃｽﾘｶﾊﾞｰ,本,0,0,741162
0 ,741162I000105,LED手摺ｶﾊﾞｰ ｶｯﾄ費用,LEDﾃｽﾘｶﾊﾞｰ,本,0,0,741162
1,741162I000106,LED手摺ｶﾊﾞｰ 運賃 L=2410mm以内,LEDﾃｽﾘｶﾊﾞｰ,c/s,0,0,741162
0 ,741162I000107,LED手摺ｶﾊﾞｰ 運賃 L=3200mm含む 1箱,LEDﾃｽﾘｶﾊﾞｰ,c/s,0,0,741162
0 ,741162I000108,LED手摺ｶﾊﾞｰ 運賃 L=3200mm含む 2箱,LEDﾃｽﾘｶﾊﾞｰ,c/s,0,0,741162
1,741162I000201,LEDﾊﾞﾗｽﾀｰｶﾊﾞｰ L=700 1000本/回,LEDﾊﾞﾗｽﾀｰｶ,本,0,0,741162
1,741162I000202,LEDﾊﾞﾗｽﾀｰｶﾊﾞｰ L=800 1000本/回,LEDﾊﾞﾗｽﾀｰｶ,本,0,0,741162
0 ,741162I000203,LEDﾊﾞﾗｽﾀｰｶﾊﾞｰ (ｶｯﾄに使用),LEDﾊﾞﾗｽﾀｰｶ,本,0,0,741162
0 ,741162I000204,LEDﾊﾞﾗｽﾀｰｶﾊﾞｰ 端面ｶｯﾄ費用(L=800以下),LEDﾊﾞﾗｽﾀｰｶ,本,0,0,741162
0 ,743012I000101,183133000架橋PEﾊﾟｲﾌﾟ8A,PEﾊﾟｲﾌﾟ,ｍ,0,0,743012
0 ,743012I000102,185924000架橋PEﾊﾟｲﾌﾟ8A,PEﾊﾟｲﾌﾟ,ｍ,0,0,743012
0 ,743012I000201,架橋PEﾊﾟｲﾌﾟ13A,PEﾊﾟｲﾌﾟ,ｍ,0,0,743012
0 ,743012I000301,架橋PEﾊﾟｲﾌﾟ16A,PEﾊﾟｲﾌﾟ,ｍ,0,0,743012
1,744021D000101,ｻﾝﾄﾌﾟﾚｰﾝ1φﾑｸﾋﾓ (50000m以上),,,2000,2020,744021
1,744021D000201,ｻﾝﾄﾌﾟﾚｰﾝ2φﾑｸﾋﾓ,,,0,0,744021
1,750031D000101,1ﾚﾂCH BAK-16 L=406,,枚,406,406,750031
1,750031D000102,589742003 1ﾚﾂCH B/K BAK-4P,,枚,106,106,750031
1,750031D000103,589743003 1ﾚﾂCH BAK-6P L=156,,枚,156,156,750031
1,750031D000104,589744003 1ﾚﾂCH BAK-8P L=206,,枚,206,206,750031
1,750031D000105,589745003 1ﾚﾂCH BAK-10P L=256,,枚,256,256,750031
1,750031D000106,589746003 1ﾚﾂCH BAK-12P L=306,,枚,306,306,750031
1,750031D000107,58A145003 1ﾚﾂCH BAK-9P L=231,,枚,231,231,750031
1,750031D000108,58A146003 1ﾚﾂCH BAK-13P L=331,,枚,331,331,750031
1,750031D000109,58A147003 1ﾚﾂCH BAK-17P L=431,,枚,431,431,750031
1,750031D000110,58A148003 1ﾚﾂCH BAK-21P L=531,,枚,531,531,750031
1,750031D000111,58A149003 1ﾚﾂCH BAK-29P L=731,,枚,731,731,750031
1,750031D000112,58A150003 1ﾚﾂCH BAK-37P L=931,,枚,931,931,750031
1,750031D000113,58A151003 1ﾚﾂCH BAK-45P L=1131,,枚,1131,1131,750031
1,750031D000201,530155003 2ﾚﾂCH SH12P L=109,,枚,109,109,750031
1,750031D000202,530156001 2ﾚﾂCH SH24P,,枚,211,211,750031
1,750031D000203,530156003 2ﾚﾂCH SH24P L=211,,枚,211,211,750031
1,750031D000204,530157003 2ﾚﾂCH SH36P L=313,,枚,313,313,750031
1,750031D000205,530158003 2ﾚﾂCH SH48P L=415,,枚,415,415,750031
1,750031D000206,589747003 2ﾚﾂCH BAK-3P L=81,,枚,81,81,750031
1,750031D000207,589748003 2ﾚﾂCH BAK-4P L=106,,枚,106,106,750031
1,750031D000208,589749003 2ﾚﾂCH BAK-6P L=156,,枚,156,156,750031
1,750031D000209,589750003 2ﾚﾂCH BAK-8P L=206,,枚,206,206,750031
1,750031D000210,589751003 2ﾚﾂCH BAK-10P L=256,,枚,256,256,750031
1,750031D000211,589752003 2ﾚﾂCH BAK-12P L=306,,枚,306,306,750031
1,750031D000212,589753003 2ﾚﾂCH BAK-14P L=356,,枚,356,356,750031
1,750031D000213,589754002 2ﾚﾂCH HB-3C L=108,,枚,108,108,750031
1,750031D000214,589755002 2ﾚﾂCH HB-6C L=210,,枚,210,210,750031
1,750031D000215,589756002 2ﾚﾂCH HB-9C L=312,,枚,312,312,750031
1,750031D000216,58A141002 2ﾚﾂCH BAK-2P L=56,,枚,56,56,750031
1,750031D000217,58A141003 2ﾚﾂCH B/K BAK2P,,枚,56,56,750031
1,750031D000218,58A142002 2ﾚﾂCH HB-10C L=346,,枚,346,346,750031
1,750031D000219,58A143002 2ﾚﾂCH HB-12C L=414,,枚,414,414,750031
1,750031D000220,58A144002 2ﾚﾂCH HB-14C L=482,,枚,482,482,750031
1,750031D000221,58A607003 2ﾚﾂCH BAK-17P L=431,,枚,431,431,750031
1,750031D000222,58A608003 2ﾚﾂCH BAK-21P L=531,,枚,531,531,750031
1,750031D000223,58C121003 2ﾚﾂCH BAK-16P,,枚,406,406,750031
1,750031D000301,611744001 ｶｲｺｳﾌﾟﾛﾃｸﾀｰ,,枚,0,0,750031
1,750031D000401,652043001 図面ﾎﾙﾀﾞｰ用透明板,,枚,0,0,750031
1,750031D000501,680135002 ｽﾞﾒﾝﾎﾙﾀﾞｰ ﾅｶﾌﾞﾀﾖｳ,,枚,0,0,750031
1,750031D000601,681211001 充電部ﾎｺﾞｶﾊﾞｰ 1Pﾖｳ,,枚,0,0,750031
1,750031D001101,681224001 ｼﾞｭｳﾃﾞﾝﾎｺﾞｶﾊﾞｰ 支柱用,,枚,0,0,750031
1,750031D001102,682178001 ｼﾞｭｳﾃﾞﾝﾎｺﾞｶﾊﾞｰ KBC-A,,枚,0,0,750031
1,750031D001103,682179001 ｼﾞｭｳﾃﾞﾝﾎｺﾞｶﾊﾞｰ KBC-B20-04,,枚,0,0,750031
1,750031D001104,682180001 ｼﾞｭｳﾃﾞﾝﾎｺﾞｶﾊﾞｰ KBC-B20-06,,枚,0,0,750031
1,750031D001105,682181001 ｼﾞｭｳﾃﾞﾝﾎｺﾞｶﾊﾞｰ KBC-B20-08,,枚,0,0,750031
1,750031D001106,682182001 ｼﾞｭｳﾃﾞﾝﾎｺﾞｶﾊﾞｰ KBC-B20-12,,枚,0,0,750031
1,750031D001107,682183001 ｼﾞｭｳﾃﾞﾝﾎｺﾞｶﾊﾞｰ KBC-B20-16,,枚,0,0,750031
1,750031D001108,682184001 ｼﾞｭｳﾃﾞﾝﾎｺﾞｶﾊﾞｰ KBC-B40-04,,枚,0,0,750031
1,750031D001109,682185001 ｼﾞｭｳﾃﾞﾝﾎｺﾞｶﾊﾞｰ KBC-B40-06,,枚,0,0,750031
1,750031D001110,682186001 ｼﾞｭｳﾃﾞﾝﾎｺﾞｶﾊﾞｰ KBC-B40-08,,枚,0,0,750031
1,750031D001111,682187001 ｼﾞｭｳﾃﾞﾝﾎｺﾞｶﾊﾞｰ KBC-B40-12,,枚,0,0,750031
1,750031D001112,682188001 ｼﾞｭｳﾃﾞﾝﾎｺﾞｶﾊﾞｰ KBC-B40-16,,枚,0,0,750031
1,750031D001113,682189001 ｼﾞｭｳﾃﾞﾝﾎｺﾞｶﾊﾞｰ KBC-C20-08,,枚,0,0,750031
1,750031D001114,682190001 ｼﾞｭｳﾃﾞﾝﾎｺﾞｶﾊﾞｰ KBC-C20-12,,枚,0,0,750031
1,750031D001115,682191001 ｼﾞｭｳﾃﾞﾝﾎｺﾞｶﾊﾞｰ KBC-C20-16,,枚,0,0,750031
1,750031D001116,682192001 ｼﾞｭｳﾃﾞﾝﾎｺﾞｶﾊﾞｰ KBC-C40-08,,枚,0,0,750031
1,750031D001117,682193001 ｼﾞｭｳﾃﾞﾝﾎｺﾞｶﾊﾞｰ KBC-C40-12,,枚,0,0,750031
1,750031D001118,682194001 ｼﾞｭｳﾃﾞﾝﾎｺﾞｶﾊﾞｰ KBC-C40-16,,枚,0,0,750031
1,750031D001119,682195001 ｼﾞｭｳﾃﾞﾝﾎｺﾞｶﾊﾞｰ KBC-D20-06,,枚,0,0,750031
1,750031D001120,682196001 ｼﾞｭｳﾃﾞﾝﾎｺﾞｶﾊﾞｰ KBC-D40-06,,枚,0,0,750031
1,750031D001201,682197001 KECM BAK,,枚,0,0,750031
1,750031D001202,682198001 KECM 10AK,,枚,0,0,750031
1,750031D001203,682199001 KECM 15AK,,枚,0,0,750031
1,750031D001204,682200001 KECM 20AK,,枚,0,0,750031
1,750031D001205,682201001 KECM 20A2K,,枚,0,0,750031
1,750031D001206,682202001 KECM 40AK,,枚,0,0,750031
1,750031D001207,682404001 CECM BAK,,枚,0,0,750031
1,750031D001208,682405001 CECM BAK2,,枚,0,0,750031
1,750031D002101,859014304 ﾎﾞｯｸｽﾂｳｾﾝｸﾞﾁﾐｿﾞｺﾞﾑA 3mm用,,m,100000,104000,750031
1,750031D002102,859014305 ﾎﾞｯｸｽﾂｳｾﾝｸﾞﾁﾐｿﾞｺﾞﾑA 2mm用,,m,100000,100000,750031
1,750031D003101,892052001 ｱｸﾘﾙﾌﾟﾚｰﾄ T2-100-20,,枚,0,0,750031
1,750031D003102,892053001 ｱｸﾘﾙﾌﾟﾚｰﾄ T3-150-30,,枚,0,0,750031
1,750031D003103,892053003 ｱｸﾘﾙﾌﾟﾚｰﾄ T2-150-30,,枚,0,0,750031
1,750031D003104,892054001 ｱｸﾘﾙﾌﾟﾚｰﾄ ｱﾅ T3-150-30,,枚,0,0,750031
1,750031D003105,892054003 ｱｸﾘﾙﾌﾟﾚｰﾄ ｱﾅ T2-150-30,,枚,0,0,750031
1,750031D003106,892055001 ｱｸﾘﾙﾌﾟﾚｰﾄ T2-40-15,,枚,0,0,750031
1,750031D003107,892060001 ｱｸﾘﾙﾌﾟﾚｰﾄ T2-200-30,,枚,0,0,750031
1,750031D003108,M7201500001 ｱｸﾘﾙﾌﾟﾚｰﾄ T2-200-40,15000012-2,枚,0,0,750031
1,750031D003109,M7201600001 ｱｸﾘﾙﾌﾟﾚｰﾄ T3-200-30,m720160000,枚,0,0,750031
1,750031D003110,M7201700001 ｱｸﾘﾙﾌﾟﾚｰﾄ T3-200-40,170000140,枚,0,0,750031
1,750031D003111,M7201800001 ｱｸﾘﾙﾌﾟﾚｰﾄ T2-200-30 ｱﾅ,1800001 ｱﾅ,枚,0,0,750031
1,750031D003112,M7201900001 ｱｸﾘﾙﾌﾟﾚｰﾄ T2-200-40 ｱﾅ,9000014,枚,0,0,750031
1,750031D003113,M7202000001 ｱｸﾘﾙﾌﾟﾚｰﾄ T3-200-30 ｱﾅ,ｱﾅ02000001,枚,0,0,750031
1,750031D003114,M7202100001 ｱｸﾘﾙﾌﾟﾚｰﾄ T3-200-40 ｱﾅ,2100001ｱﾅ,枚,0,0,750031
1,750031D003115,ｱｸﾘﾙﾌﾟﾚｰﾄ T2-200-40,,枚,0,0,750031
1,750031D004101,8T900170001 2ﾚﾂCH B/K BAK8P ｶﾐﾉﾐ,1700018,枚,0,0,750031
1,750031D004102,8T900270001 2ﾚﾂCH B/K BAK12P ｶﾐﾉﾐ,2700012,枚,0,0,750031
1,750031D004103,8T900370001 2ﾚﾂCH B/K BAK14P ｶﾐﾉﾐ,3700014,枚,0,0,750031
1,750031D004104,8T900470001 2ﾚﾂCH B/K BAK16P ｶﾐﾉﾐ,8t90047000,枚,0,0,750031
1,750031D004201,8T900570001 1ﾚﾂCH B/K BAK12P ｶﾐﾉﾐ,570001,枚,0,0,750031
1,750031D004202,8T903570001 1ﾚﾂCH B/K BAK17P ｶﾐﾉﾐ,,枚,0,0,750031
1,750031D004105,8T900770001 2ﾚﾂCH B/K SH24P ｶﾐﾉﾐ,770001sh24,枚,0,0,750031
1,750031D004106,8T900870001 2ﾚﾂCH B/K SH36P ｶﾐﾉﾐ,87000136,枚,0,0,750031
1,750031D004107,8T900970001 2ﾚﾂCH B/K SH48P ｶﾐﾉﾐ,97000148,枚,0,0,750031
1,750031D004203,K99 1ﾚﾂCH B/K BAK12P ｶﾐﾉﾐ,k99,枚,0,0,750031
1,750031D005101,ML-400-S1-12P-A516　KBC-A100枚一式,,枚,0,0,750031
1,750031D005201,ﾃｽﾄ釦ｶﾞｰﾄﾞ GD100,,個,0,0,750031
1,750031D005202,ﾃｽﾄ釦ｶﾞｰﾄﾞ GD225,,個,0,0,750031
1,750031D006101,KBUｶﾊﾞｰ,,枚,0,0,750031
1,750031D007101,充電保護ｶﾊﾞ-(ﾎﾟﾘｶ)L=2015(80ｺﾄﾘ),ｼﾞｭｳﾃﾞﾝﾎｺﾞ,本,0,0,750031
0 ,750091D000101,L字ｺｰﾅｰ 外寸20x9xL847 (1000～本),Lｼﾞｺｰﾅｰ ｶﾞ,本,847,847,750091
1,750091D000102,L字ｺｰﾅｰ 外寸20x9xL847 (200～本),Lｼﾞｺｰﾅｰ ｶﾞ,本,847,847,750091
1,750112I000101,AES 117-K3 CB4310 ｱｲﾎﾞﾘｰ,AES 117-K3,ｋｇ,0,0,750112
1,750112I000201,AES 117-K3 OD7960 ﾎﾜｲﾄ,AES 117-K3,ｋｇ,0,0,750112
1,750112I000301,AES 117-K3 7D5750 ﾌﾞﾗｳﾝ,AES 117-K3,ｋｇ,0,0,750112
1,750112I000401,AES 117-K3 9D8030 ﾌﾞﾗｯｸ,AES 117-K3,ｋｇ,0,0,750112
1,750112I000501,AES 117-K3 MADT90 ｼｬｲﾝｸﾞﾚｰ,AES 117-K3,ｋｇ,0,0,750112
0 ,750112I000601,C2193 ｸﾛ　500kg/回,C2193 ｸﾛ,ｋｇ,0,0,750112
1,750112I000701,SK-50 023884 ｱｲﾎﾞﾘｰ,SK-50 0238,ｋｇ,0,0,750112
1,750112I000801,SK-50 023383 ﾐﾙｷｰﾎﾜｲﾄ,SK-50 0233,ｋｇ,0,0,750112
1,750112I000901,SK-50 081947 ﾌﾞﾛﾝｽﾞ,SK-50 0819,ｋｇ,0,0,750112
1,750112I001101,SK-50 930229 ﾌﾞﾗｯｸ,SK-50 9302,ｋｇ,0,0,750112
1,750112I001201,SK-50 HUV2540A SGY,SK-50 HUV2,ｋｇ,0,0,750112
1,750112I001301,ｴﾗｽﾄﾏｰﾊﾟｯｷﾝ材(巻物),ｴﾗｽﾄﾏｰﾊﾟｯｷ,ｍ,0,0,750112
1,750112I001401,ｽｲｰﾄｺｰﾝｼｬﾌﾄｶﾊﾞｰ L=1210 50本,ｽｲｰﾄｺｰﾝ,本,0,0,750112
0 ,750112I001402,ｽｲｰﾄｺｰﾝｼｬﾌﾄ 成形品ｶﾊﾞｰ L=1210,ｽｲｰﾄｺｰﾝ,本,0,0,750112
0 ,750112I001403,ｽｲｰﾄｺｰﾝｼｬﾌﾄｶﾊﾞｰ L=1210 200本,ｽｲｰﾄｺｰﾝ,本,0,0,750112
1,750112I001501,ﾍﾞｰｽﾗｲﾅｰｺ型 L=2000以下(箱無し､紐縛り,ﾍﾞｰｽﾗｲﾅｰ,ｍ,0,0,750112
1,750112I001502,ﾍﾞｰｽﾗｲﾅｰ ｺ型 L=2000(箱無し､紐縛り),ﾍﾞｰｽﾗｲﾅｰ,本,0,0,750112
1,750112I001503,ﾍﾞｰｽﾗｲﾅｰｺ型 L=2001以上(箱無し､紐縛り,ﾍﾞｰｽﾗｲﾅｰ,ｍ,0,0,750112
0 ,750112I001504,ﾍﾞｰｽﾗｲﾅｰ ｺ型 L=2000以下(段ﾎﾞｰﾙ入,ﾍﾞｰｽﾗｲﾅｰ,ｍ,0,0,750112
0 ,750112I001505,ﾍﾞｰｽﾗｲﾅｰ ｺ型 L=2001以上(段ﾎﾞｰﾙ入,ﾍﾞｰｽﾗｲﾅｰ,ｍ,0,0,750112
1,750112I001601,丸型ﾊﾟｯｷﾝ材,ﾏﾙｶﾞﾀﾊﾟｯｷﾝ,ｍ,0,0,750112
1,750112I002101,消音樹脂材 L=1657(原料支給),ｼｮｳｵﾝｼﾞｭｼｻ,本,0,0,750112
1,750112I002102,消音樹脂材 L=1658(原料支給),ｼｮｳｵﾝｼﾞｭｼｻ,本,0,0,750112
1,750112I002103,消音樹脂材 L=1660(原料支給),ｼｮｳｵﾝｼﾞｭｼｻ,本,0,0,750112
1,750112I002104,消音樹脂材 L=1680(原料支給),ｼｮｳｵﾝｼﾞｭｼｻ,本,0,0,750112
1,750112I002105,消音樹脂材 L=1732(原料支給),ｼｮｳｵﾝｼﾞｭｼｻ,本,0,0,750112
1,750112I002106,消音樹脂材 L=1837(原料支給),ｼｮｳｵﾝｼﾞｭｼｻ,本,0,0,750112
1,750112I002107,消音樹脂材 L=1840(原料支給),ｼｮｳｵﾝｼﾞｭｼｻ,本,0,0,750112
1,750112I002108,消音樹脂材 L=1937(原料支給),ｼｮｳｵﾝｼﾞｭｼｻ,本,0,0,750112
1,750112I002109,消音樹脂材 L=2137(原料支給),ｼｮｳｵﾝｼﾞｭｼｻ,本,0,0,750112
1,750112I002111,消音樹脂材 L=2237(原料支給),ｼｮｳｵﾝｼﾞｭｼｻ,本,0,0,750112
1,750112I002112,消音樹脂材 L=2487(原料支給),ｼｮｳｵﾝｼﾞｭｼｻ,本,0,0,750112
1,750112I002113,消音樹脂材 L=3018(原料支給),ｼｮｳｵﾝｼﾞｭｼｻ,本,0,0,750112
1,750112I002114,消音樹脂材 L=3038(原料支給),ｼｮｳｵﾝｼﾞｭｼｻ,本,0,0,750112
1,750112I002115,消音樹脂材 L=4000(原料支給),ｼｮｳｵﾝｼﾞｭｼｻ,本,0,0,750112
0 ,750112I002116,消音樹脂材(原料支給の場合),ｼｮｳｵﾝｼﾞｭｼ,本,0,0,750112
0 ,750112I002117,消音樹脂材(原料東穂手配の場合),ｼｮｳｵﾝｼﾞｭｼ,本,0,0,750112
1,750112I003101,粘着付ｱｸﾘﾙﾊﾟｯｷﾝ ｺの字2mm用 L=1200,ﾈﾝﾁｬｸﾂｷｱｸﾘ,本,0,0,750112
0 ,750112I003102,粘着付ｱｸﾘﾙﾊﾟｯｷﾝ ｺの字2mm用 L=1200,ﾈﾝﾁｬｸﾂｷｱｸﾘ,本,0,0,750112
0 ,750112I003103,粘着付ｱｸﾘﾙﾊﾟｯｷﾝ ｺの字2mm用 L=1200,ﾈﾝﾁｬｸﾂｷｱｸﾘ,本,0,0,750112
0 ,750112I003104,粘着付ｱｸﾘﾙﾊﾟｯｷﾝ ｺの字2mm用 L=1200,ﾈﾝﾁｬｸﾂｷｱｸﾘ,本,0,0,750112
0 ,750112I003105,粘着付ｱｸﾘﾙﾊﾟｯｷﾝ ｺの字2mm用 L=1200,ﾈﾝﾁｬｸﾂｷｱｸﾘ,本,0,0,750112
1,750112I003106,粘着付ｱｸﾘﾙﾊﾟｯｷﾝ ｺの字2mm用 L=1500,ﾈﾝﾁｬｸﾂｷｱｸﾘ,本,0,0,750112
1,750112I003107,粘着付ｱｸﾘﾙﾊﾟｯｷﾝ ｺの字2mm用 L=1600,ﾈﾝﾁｬｸﾂｷｱｸﾘ,本,0,0,750112
1,750112I004101,ﾄﾞｱ枠養生ｶﾊﾞｰ L=2030mm 3500本/回,ﾄﾞｱﾜｸﾖｳｼﾞｮ,本,0,0,750112
1,750132I000101,DNKｸﾞﾚﾁｬﾝｴﾗｽﾄﾏｰ3mm(ﾛｯﾄ500m以下/回),ｸﾞﾚﾁｬﾝ3mm,ｍ,0,0,750132
0 ,750132I000102,DNKｸﾞﾚﾁｬﾝｴﾗｽﾄﾏｰ3mm(600～1500以下/回),ｸﾞﾚﾁｬﾝ3mm,ｍ,0,0,750132
0 ,750132I000103,DNKｸﾞﾚﾁｬﾝｴﾗｽﾄﾏｰ3mm(1600～2500以下),ｸﾞﾚﾁｬﾝ3mm,ｍ,0,0,750132
0 ,750132I000104,DNkｸﾞﾚﾁｬﾝｴﾗｽﾄﾏｰ3mm(2600m以上/回),ｸﾞﾚﾁｬﾝ3mm,ｍ,0,0,750132
1,750132I000201,DNKｸﾞﾚﾁｬﾝｴﾗｽﾄﾏｰ4mm(ﾛｯﾄ500m以下/回),ｸﾞﾚﾁｬﾝ4mm,ｍ,0,0,750132
0 ,750132I000202,DNKｸﾞﾚﾁｬﾝｴﾗｽﾄﾏｰ4mm(600～1500以下/回),ｸﾞﾚﾁｬﾝ4mm,ｍ,0,0,750132
0 ,750132I000203,DNKｸﾞﾚﾁｬﾝｴﾗｽﾄﾏｰ4mm(1600～2500以下),ｸﾞﾚﾁｬﾝ4mm,ｍ,0,0,750132
0 ,750132I000204,DNKｸﾞﾚﾁｬﾝｴﾗｽﾄﾏｰ4mm(2600m以上/回),ｸﾞﾚﾁｬﾝ4mm,ｍ,0,0,750132
1,750132I000301,TGA346P ｴﾗｽﾄﾏｰ (ｴﾗｽﾄﾏｰ8×9ﾋﾞｰﾄ),TGA346P,ｍ,0,0,750132
1,750132I000401,TKD-02,TKD-02,ｍ,0,0,750132
1,750132I000501,TKD-10,TKD-10,ｍ,0,0,750132
1,750132I000601,TKD-190,TKD-190,ｍ,0,0,750132
1,750132I000602,TKD-190 黒 (ｱﾆｰﾙ処理),TKD-190,ｍ,0,0,750132
1,750132I000701,TKD-200  ﾎﾜｲﾄ (ｱﾆｰﾙ処理),TKD-200,ｍ,0,0,750132
1,750132I000801,TKD-200 ｼﾙﾊﾞｰ(ｱﾆｰﾙ処理品),TKD-200 ｼﾙ,ｍ,0,0,750132
1,750132I000901,TKD-200 ｳｽ茶(ｱﾆｰﾙ処理),TKD-200 ｸﾛ,ｍ,0,0,750132
1,750132I001101,TKD-200 黒(ｱﾆｰﾙ処理),TKD-200 ｸﾛ,ｍ,0,0,750132
1,750132I001201,TKD-200(S-PVC),TKD-200,ｍ,0,0,750132
1,750132I001301,TKD-200D　道内,TKD-200D,ｍ,0,0,750132
0 ,750132I001302,TKD-200D　道外,TKD-200D,ｍ,0,0,750132
1,750132I001401,TKD-200U　道内,TKD-200U,ｍ,0,0,750132
0 ,750132I001402,TKD-200U　道外,TKD-200U,ｍ,0,0,750132
1,750132I002101,TQC-A,TQC-A,ｍ,0,0,750132
1,750132I002201,TQC-B,TQC-B,ｍ,0,0,750132
1,750132I002301,TQC-C,TQC-C,ｍ,0,0,750132
1,750132I003101,戸当り D型36 ETD36-2150白(袋入)1200m,ﾄｱﾀﾘ Dｶﾞﾀ,本,0,0,750132
1,750132I003201,戸当り D型36 ETD36-2150黒(袋入)1200m,ﾄｱﾀﾘ Dｶﾞﾀ,本,0,0,750132
1,750132I003301,戸当り D型36 ETD36-2150黄(袋入)1200m,ﾄｱﾀﾘ Dｶﾞﾀ,本,0,0,750132
1,750132I003401,戸当り D型36 ETD36-2150青(袋入)1200m,ﾄｱﾀﾘ Dｶﾞﾀ,本,0,0,750132
1,750132I003501,戸当り D型36 ETD36-2150赤(袋入)1200m,ﾄｱﾀﾘ Dｶﾞﾀ,本,0,0,750132
1,750132I003601,戸当り D型36 ETD36-2150桃(袋入)1200m,ﾄｱﾀﾘ Dｶﾞﾀ,本,0,0,750132
1,750132I003701,戸当り D型36 ETD36-2150緑(袋入)1200m,ﾄｱﾀﾘ Dｶﾞﾀ,本,0,0,750132
1,750132I004101,ﾌｪｱﾘｰ戸当り ETD36-2450 白 袋入 3色,ﾌｪｱﾘｰﾄｱﾀﾘﾘ,本,0,0,750132
1,750132I004201,ﾌｪｱﾘｰ戸当り ETD36-2450 黒 袋入 3色,ﾌｪｱﾘｰﾄｱﾀﾘ,本,0,0,750132
1,750132I004301,ﾌｪｱﾘｰ戸当り ETD36-2450 黄 袋入 3色,ﾌｪｱﾘｰﾄｱﾀﾘﾘ,本,0,0,750132
1,750132I005101,戸当り D型36(発泡中空品)320～500,ﾄｱﾀﾘ Dｶﾞﾀ,本,0,0,750132
0 ,750132I005102,戸当り D型36(発泡中空品)500～150,ﾄｱﾀﾘ Dｶﾞﾀ,本,0,0,750132
1,750132I004401,ﾌｪｱﾘｰ戸当り ETD36-2450 うす茶 袋入,ﾌｪｱﾘｰﾄｱﾀﾘﾘ,本,0,0,750132
1,750132I004501,ﾌｪｱﾘｰ戸当り ETD36-2450 赤 袋入,ﾌｪｱﾘｰﾄｱﾀﾘﾘ,本,0,0,750132
1,750132I004601,ﾌｪｱﾘｰ戸当り ETD36-2450 青 袋入,ﾌｪｱﾘｰﾄｱﾀﾘﾘ,本,0,0,750132
1,750132I004701,ﾌｪｱﾘｰ戸当り ETD36-2450 緑 袋入,ﾌｪｱﾘｰﾄｱﾀﾘﾘ,本,0,0,750132
1,750132I004801,ﾌｪｱﾘｰ戸当り ETD36-2450 桃 袋入,ﾌｪｱﾘｰﾄｱﾀﾘﾘ,本,0,0,750132
1,750132I006101,戸当り ETD25-2450 白(袋入)500～1800m,ﾄｱﾀﾘ ETD25,本,0,0,750132
1,750132I006201,戸当り ETD25-2450 黒(袋入)500～1800m,ﾄｱﾀﾘ ETD25,本,0,0,750132
1,750132I006301,戸当り ETD25-2450 黄(袋入)500～1800m,ﾄｱﾀﾘ ETD25,本,0,0,750132
1,750132I006401,戸当り ETD25-2450 ｳｽ茶(袋入)～1800m,ﾄｱﾀﾘ ETD25,本,0,0,750132
1,750132I007101,戸当りｸｯｼｮﾝ材,ﾄｱﾀﾘｸｯｼｮﾝ,本,0,0,750132
0 ,750132I007201,袋代(袋+手間賃),ﾌｸﾛﾀﾞｲ,ｍ,0,0,750132
0 ,750132I007301,両面ﾃｰﾌﾟ代+貼り加工賃,ﾘｮｳﾒﾝﾃｰﾌﾟ,ｍ,0,0,750132
0 ,750172I000101,ﾃﾞｨｯﾌﾟｷｬｯﾌﾟ 12φ 100～990個,ｷｬｯﾌﾟ,個,0,0,750172
0 ,750172I000102,ﾃﾞｨｯﾌﾟｷｬｯﾌﾟ 12φ 1000個以上,ｷｬｯﾌﾟ,個,0,0,750172
0 ,750172I000201,ﾃﾞｨｯﾌﾟｷｬｯﾌﾟ 16φ 100～990個,ｷｬｯﾌﾟ,個,0,0,750172
0 ,750172I000202,ﾃﾞｨｯﾌﾟｷｬｯﾌﾟ 16φ 1000個以上,ｷｬｯﾌﾟ,個,0,0,750172
0 ,750172I000301,ﾃﾞｨｯﾌﾟｷｬｯﾌﾟ 20φ 100～990個,ｷｬｯﾌﾟ,個,0,0,750172
0 ,750172I000302,ﾃﾞｨｯﾌﾟｷｬｯﾌﾟ 20φ 1000個以上,ｷｬｯﾌﾟ,個,0,0,750172
1,750172I000401,ﾎﾟﾘｶﾊﾟｲﾌﾟｷｬｯﾌﾟ付 12*125cm 100本/回,ﾎﾟﾘｶﾊﾟｲﾌﾟ,本,0,0,750172
0 ,750172I000402,ﾎﾟﾘｶﾊﾟｲﾌﾟｷｬｯﾌﾟ付 12*125cm 200本/回,ﾎﾟﾘｶﾊﾟｲﾌﾟ,本,0,0,750172
0 ,750172I000403,ﾎﾟﾘｶﾊﾟｲﾌﾟｷｬｯﾌﾟ付 12*125cm 300本/回,ﾎﾟﾘｶﾊﾟｲﾌﾟ,本,0,0,750172
1,750172I000501,ﾎﾟﾘｶﾊﾟｲﾌﾟｷｬｯﾌﾟ付 16*125cm 100本/回,ﾎﾟﾘｶﾊﾟｲﾌﾟ,本,0,0,750172
0 ,750172I000502,ﾎﾟﾘｶﾊﾟｲﾌﾟｷｬｯﾌﾟ付 16*125cm 200本/回,ﾎﾟﾘｶﾊﾟｲﾌﾟ,本,0,0,750172
0 ,750172I000503,ﾎﾟﾘｶﾊﾟｲﾌﾟｷｬｯﾌﾟ付 16*125cm 300本/回,ﾎﾟﾘｶﾊﾟｲﾌﾟ,本,0,0,750172
1,750172I000601,ﾎﾟﾘｶﾊﾟｲﾌﾟｷｬｯﾌﾟ付 20*125cm 100本/回,ﾎﾟﾘｶﾊﾟｲﾌﾟ,本,0,0,750172
0 ,750172I000602,ﾎﾟﾘｶﾊﾟｲﾌﾟｷｬｯﾌﾟ付 20*125cm 200本/回,ﾎﾟﾘｶﾊﾟｲﾌﾟ,本,0,0,750172
0 ,750172I000603,ﾎﾟﾘｶﾊﾟｲﾌﾟｷｬｯﾌﾟ付 20*125cm 300本/回,ﾎﾟﾘｶﾊﾟｲﾌﾟ,本,0,0,750172
1,750181D000101,降り棟 466mm(100本)*,,,0,0,750181
0 ,750181D000102,降り棟 466mm(200本～),200,,0,0,750181
0 ,750181D000103,降り棟 466mm(50本)使用ｼﾅｲ,50,,0,0,750181
0 ,750181D000104,降り棟 成形品,ﾌﾘﾑﾈ ｾｲｹｲﾋ,,720,770,750181
0 ,750192I000101,ﾎﾞｯｸｽ固定枠(ｱﾝｸﾞﾙ部)　白,ﾎﾞｯｸｽｺﾃｲ,本,0,0,750192
1,750192I000102,ﾎﾞｯｸｽ固定枠 L=1520mm 350～400本,ﾎﾞｯｸｽｺﾃｲﾜｸ,本,0,0,750192
0 ,750192I000103,ﾎﾞｯｸｽ固定枠 L=1520mm 700～800本,ﾎﾞｯｸｽｺﾃｲﾜｸ,本,0,0,750192
1,752022I000101,100型単板用ｶﾞﾗｽﾗｲﾅｰ 2*9*30,ｶﾞﾗｽﾗｲﾅｰ,個,0,0,752022
1,752022I000201,5-A12-5横用ｱﾀｯﾁﾒﾝﾄ L=3600,,本,0,0,752022
1,752022I000301,80型ｶﾞﾗｽﾗｲﾅｰ 2*18.5*30(H28.4月ﾖﾘ変更,ｶﾞﾗｽﾗｲﾅｰ,個,0,0,752022
1,752022I000401,80型ｶﾞﾗｽﾗｲﾅｰ 5*18.5*30(H28.4月ﾖﾘ変更,ｶﾞﾗｽﾗｲﾅｰ,個,0,0,752022
1,752022I000501,80型単板ｱﾀｯﾁﾒﾝﾄ上用 L=3600,ﾀﾝｲﾀｱﾀｯﾁﾒﾝ,本,0,0,752022
1,752022I000601,80型単板ｱﾀｯﾁﾒﾝﾄ下用 L=3600,ﾀﾝｲﾀｱﾀｯﾁﾒﾝ,本,0,0,752022
1,752022I000701,L字型 L=2000,Lｼﾞｶﾞﾀ,本,0,0,752022
1,752022I000801,L字目板 L=3800,,本,0,0,752022
0 ,752022I000802,L字目板 L=3800 運賃なし,,本,0,0,752022
1,752022I000901,MZｸﾞﾚﾁｬﾝ3-4mm用 L=200m,ｸﾞﾚﾁｬﾝ,ｍ,0,0,752022
1,752022I001101,MZｸﾞﾚﾁｬﾝ4mm用 L=200m,ｸﾞﾚﾁｬﾝ,ｍ,0,0,752022
1,752022I001201,MZｸﾞﾚﾁｬﾝ5-6mm用 L=200m,ｸﾞﾚﾁｬﾝ,ｍ,0,0,752022
1,752022I001301,MZｸﾞﾚﾁｬﾝ5-6mm用 L=200m(改),ｸﾞﾚﾁｬﾝ,ｍ,0,0,752022
1,752022I002101,ｺ型ｱﾝｸﾞﾙ,,本,0,0,752022
1,752022I002201,阿部式木枠ｶﾊﾞｰ L=3800,,本,0,0,752022
1,752022I002301,煙返しﾋﾞｰﾄ,,ｍ,0,0,752022
1,752022I002401,戸当ｶﾊﾞｰ L=3600,ﾄｱﾀﾘ,本,0,0,752022
1,752022I002501,戸当り気密材SC7103,ﾄｱﾀﾘ,ｍ,0,0,752022
1,752022I002601,硬質ﾋﾞｰﾄ 3-1Bたて L=2700,ｺｳｼﾂﾋﾞｰﾄ,本,0,0,752022
1,752022I002701,硬質ﾋﾞｰﾄ 3-2B上下 L=2700,ｺｳｼﾂﾋﾞｰﾄ,本,0,0,752022
1,752022I002801,硬質ﾋﾞｰﾄ 5-1Bたて L=2700,ｺｳｼﾂﾋﾞｰﾄ,本,0,0,752022
1,752022I002901,硬質ﾋﾞｰﾄ 5-2B上下 L=2700,ｺｳｼﾂﾋﾞｰﾄ,本,0,0,752022
1,752022I004101,先付けﾋﾞｰﾄ (ﾌｸﾋﾞ),ｻｷﾂﾞｹ,本,0,0,752022
1,752022I004201,平板(1x65x2000) L=2000,ﾋﾗｲﾀ,本,0,0,752022
1 ,752022I004301,目板45㎜ L=3800,ﾒｲﾀ45mm,本,0,0,752022
0 ,752022I004302,目板45mm L=3800 運賃なし,ﾒｲﾀ45mm,本,0,0,752022
1,752022I004401,目板60mm L=3800,ﾒｲﾀ60mm,本,0,0,752022
0 ,752022I004402,目板60mm L=3800 運賃なし,ﾒｲﾀ60mm,本,0,0,752022
1,752022I004501,目板80㎜ L=3800,ﾒｲﾀ80mm,本,0,0,752022
0 ,752022I004502,目板80mm L=3800 運賃なし,ﾒｲﾀ80mm,本,0,0,752022
1,752022I004601,目板95mm L=3800,ﾒｲﾀ95mm,本,0,0,752022
0 ,752022I004602,目板95mm L=3800 運賃なし,ﾒｲﾀ95mm,本,0,0,752022
1,752022I004701,目板150mm L=3800,ﾒｲﾀ150mm,本,0,0,752022
0 ,752022I004702,目板150mm L=3800 運賃なし,ﾒｲﾀ150mm,本,0,0,752022
1,752022I004801,目板150mm L=3800 くさびなし,ﾒｲﾀ150mm,本,0,0,752022
0 ,752022I004802,目板150mm くさびなし 運賃なし,ﾒｲﾀ150mm,本,0,0,752022
1,752051D000101,ZPA283 配線ｹｰﾌﾞﾙ干渉防止材,,本,2600,2620,752061
0 ,752051D000102,ZPA283S 配線ｹｰﾌﾞﾙ干渉防止材,ZPA,本,2600,2620,752061
0 ,752051D000103,ZPAC200 配線ｹｰﾌﾞﾙ干渉防止材,ZPAC200ﾊｲｾ,,2600,2620,752061
1,752082I000101,ｱﾐ戸用ﾊﾟｯｷﾝ FG025L,ｱﾐﾄﾞﾖｳﾊﾟｯｷ,ｍ,0,0,752082
1,752082I000201,ｾｷ板ﾊﾟｯｷﾝFG-001T L=2000,ｾｷｲﾀ,本,0,0,752082
1,752082I000301,下網用ﾊﾟｯｷﾝFG-100P L=3000,ｼﾀｱﾐﾖｳ,本,0,0,752082
1,752142I000101,水切りｺｰﾅｰｶﾞｰﾄﾞ,ﾐｽﾞｷﾘｺｰﾅｰ,ｍ,0,0,752142
1,753001D000101,家具転倒防止ﾏｯﾄ30cm UEQ-301,ｶｸﾞﾃﾝﾄｳﾎﾞｳ,本,0,0,753001
1,754022I000101,3Dﾌﾟﾘﾝﾀｰ用ﾌｨﾗﾒﾝﾄ Type-B,3Dﾌﾟﾘﾝﾀｰﾖｳ,巻,0,0,754022
1,754062I000101,ｻｲｼﾞﾝｸﾞ目地材 L=3000,ｻｲｼﾞﾝｸﾞ,本,0,0,754062
1,754072I000101,3φ無垢(透明) L=100m*20,3ﾑｸ,式,0,0,754072
1,754072I000201,溶着止水目地 10φ(100～400m/回),ﾖｳﾁｬｸｼｽｲ,本,0,0,754072
0 ,754072I000202,溶着止水目地 10φ(500～1400m/回),ﾖｳﾁｬｸｼｽｲ,本,0,0,754072
0 ,754072I000203,溶着止水目地 10φ(1500～3400m/回,ﾖｳﾁｬｸｼｽｲ,本,0,0,754072
0 ,754072I000204,溶着止水目地 10φ(3500～7000m/回,ﾖｳﾁｬｸｼｽｲ,本,0,0,754072
1,754072I000205,溶着止水目地 10φ V30用 L=965mm,ﾖｳﾁｬｸｼｽｲﾒｼ,本,0,0,754072
1,754072I000206,溶着止水目地 10φ V34用 L=1175mm,ﾖｳﾁｬｸｼｽｲﾒｼ,本,0,0,754072
1,754072I000207,溶着止水目地 10φ V40用 L=1280mm,ﾖｳﾁｬｸｼｽｲﾒｼ,本,0,0,754072
1,754072I000208,溶着止水目地 10φ V45用 L=1430mm,ﾖｳﾁｬｸｼｽｲﾒｼ,本,0,0,754072
1,754072I000209,溶着止水目地 10φ V50用 L=1580mm,ﾖｳﾁｬｸｼｽｲﾒｼ,本,0,0,754072
1,754072I000210,溶着止水目地 10φ V60用 L=1880mm,ﾖｳﾁｬｸｼｽｲﾒｼ,本,0,0,754072
1,754072I000211,溶着止水目地 10φ V30用 L=965mm,ﾖｳﾁｬｸｼｽｲﾒｼ,本,0,0,754072
1,754072I000212,溶着止水目地 10φ V34用 L=1175mm,ﾖｳﾁｬｸｼｽｲﾒｼ,本,0,0,754072
1,754072I000213,溶着止水目地 10φ V40用 L=1280mm,ﾖｳﾁｬｸｼｽｲﾒｼ,本,0,0,754072
1,754072I000214,溶着止水目地 10φ V45用 L=1430mm,ﾖｳﾁｬｸｼｽｲﾒｼ,本,0,0,754072
1,754072I000215,溶着止水目地 10φ V50用 L=1580mm,ﾖｳﾁｬｸｼｽｲﾒｼ,本,0,0,754072
1,754072I000216,溶着止水目地 10φ V60用 L=1880mm,ﾖｳﾁｬｸｼｽｲﾒｼ,本,0,0,754072
1,754072I000217,溶着止水目地 10φ V30用 L=965mm,ﾖｳﾁｬｸｼｽｲﾒｼ,本,0,0,754072
1,754072I000218,溶着止水目地 10φ V34用 L=1175mm,ﾖｳﾁｬｸｼｽｲﾒｼ,本,0,0,754072
1,754072I000219,溶着止水目地 10φ V40用 L=1280mm,ﾖｳﾁｬｸｼｽｲﾒｼ,本,0,0,754072
1,754072I000220,溶着止水目地 10φ V45用 L=1430mm,ﾖｳﾁｬｸｼｽｲﾒｼ,本,0,0,754072
1,754072I000221,溶着止水目地 10φ V50用 L=1580mm,ﾖｳﾁｬｸｼｽｲﾒｼ,本,0,0,754072
1,754072I000222,溶着止水目地 10φ V60用 L=1880mm,ﾖｳﾁｬｸｼｽｲﾒｼ,本,0,0,754072
0 ,754072I000301,溶着止水目地 10φ用ｷｬｯﾌﾟ,ﾖｳﾁｬｸｷｬｯﾌﾟ,個,0,0,754072
0 ,754072I000401,10φ用二次加工 ｱﾆｰﾙ処理,ﾖｳﾁｬｸｱﾆｰﾙ,本,0,0,754072
0 ,754072I000402,10φ用二次加工 先端ｷｬｯﾌﾟ+挿入,ﾖｳﾁｬｸｷｬｯﾌﾟ,本,0,0,754072
0 ,754072I000403,10φ用二次加工 定寸切断(先端斜ｶｯﾄ含),ﾖｳﾁｬｸｶｯﾄ,本,0,0,754072
1,754072I001101,溶着止水目地 15φ(100～400m/回),ﾖｳﾁｬｸｼｽｲ,本,0,0,754072
0 ,754072I001102,溶着止水目地 15φ(500～1400m/回),ﾖｳﾁｬｸｼｽｲ,本,0,0,754072
0 ,754072I001103,溶着止水目地 15φ(1500～2400m/回,ﾖｳﾁｬｸｼｽｲ,本,0,0,754072
0 ,754072I001104,溶着止水目地 15φ(2500～4500m/回,ﾖｳﾁｬｸｼｽｲ,本,0,0,754072
1,754072I001105,溶着止水目地 15φ V70用 L=2174mm,ﾖｳﾁｬｸｼｽｲ,本,0,0,754072
1,754072I001106,溶着止水目地 15φ V80用 L=2486mm,ﾖｳﾁｬｸｼｽｲ,本,0,0,754072
1,754072I001107,溶着止水目地 15φ V70用 L=2174mm,ﾖｳﾁｬｸｼｽｲ,本,0,0,754072
1,754072I001108,溶着止水目地 15φ V80用 L=2486mm,ﾖｳﾁｬｸｼｽｲ,本,0,0,754072
1,754072I001109,溶着止水目地 15φ V70用 L=2174mm,ﾖｳﾁｬｸｼｽｲ,本,0,0,754072
1,754072I001110,溶着止水目地 15φ V80用 L=2486mm,ﾖｳﾁｬｸｼｽｲ,本,0,0,754072
0 ,754072I002101,溶着止水目地 15φ用ｷｬｯﾌﾟ,ﾖｳﾁｬｸｷｬｯﾌﾟ,個,0,0,754072
0 ,754072I002201,15φ用二次加工 ｱﾆｰﾙ処理,ﾖｳﾁｬｸｱﾆｰﾙ,本,0,0,754072
0 ,754072I002202,15φ用二次加工 先端ｷｬｯﾌﾟ+挿入,ﾖｳﾁｬｸｷｬｯﾌﾟ,本,0,0,754072
0 ,754072I002203,15φ用二次加工 定寸切断(先端斜ｶｯﾄ含),ﾖｳﾁｬｸｶｯﾄ,本,0,0,754072
1,754092I000101,P型ﾊﾟｯｷﾝ(両面ﾃｰﾌﾟ付),Pｶﾞﾀﾊﾟｯｷﾝ,ｍ,0,0,754092
1,754092I000201,ｶｲﾀﾞﾝ 50㎜ L=3600,ｶｲﾀﾞﾝ,本,0,0,754092
1,754092I000301,ｶｲﾀﾞﾝ 75㎜ L=3600,ｶｲﾀﾞﾝ,本,0,0,754092
1,754092I000401,ｶｲﾀﾞﾝ 100㎜ L=3600,ｶｲﾀﾞﾝ,本,0,0,754092
1,754092I000501,ｺの字型 100mm L=3600,ｺﾉｼﾞ,本,0,0,754092
1,754092I000601,ｼｮｰﾄｽﾄﾘｯﾌﾟﾌﾞﾚｰｶｰ　L=2440（北冷ｹｰｽ）,ｼｮｰﾄｽﾄﾘｯﾌﾟ,本,0,0,754092
1,754092I000701,ﾌﾟﾗｲｽｶｰﾄﾞ m型　L=50,ﾌﾟﾗｲｽｶｰﾄﾞ,個,0,0,754092
1,754092I000801,ﾌﾟﾗｲｽｶｰﾄﾞ入れ L=1825,ﾌﾟﾗｲｽｶｰﾄﾞ,本,0,0,754092
1,754092I000901,北冷棒材(Ⅰ)L=3600 ｺの字型 50mm,ﾎｸﾚｲﾎﾞｳｻﾞｲ,本,0,0,754092
1,754092I001101,北冷棒材(Ⅱ)L=3600 ｺの字型 75mm,ﾎｸﾚｲﾎﾞｳｻﾞｲ,本,0,0,754092
1,754101D000101,0.8mmｺﾉ字ｶﾊﾞｰ ﾐﾗｽﾄﾏｰ7030N,,,200000,200000,754101
1,754101D000201,粘着付自在ﾌﾞｯｼｭ 2mm用 DB-1 30m巻,,,30000,31000,754101
1,754101D000301,粘着付自在ﾌﾞｯｼｭ 3mm用 DB-2 30m巻,,巻,30000,31000,754101
1,754101D000401,粘着付自在ﾌﾞｯｼｭ 6.5mm用 DB-3 30m巻,,,30000,31000,754101
1,754112I000101,台車ﾊﾟｯｷﾝ(15×20) L=1350,ﾀﾞｲｼｬﾊﾟｯｷﾝ,本,0,0,754112
1,754112I000102,台車ﾊﾟｯｷﾝ(15×20) L=1500,ﾀﾞｲｼｬﾊﾟｯｷﾝ,本,0,0,754112
1,754112I000103,台車ﾊﾟｯｷﾝ(15×20) L=1600,ﾀﾞｲｼｬﾊﾟｯｷﾝ,本,0,0,754112
1,754112I000104,台車ﾊﾟｯｷﾝ(15x20) L=1620,ﾀﾞｲｼｬﾊﾟｯｷﾝ,本,0,0,754112
1,754112I000201,台車ﾊﾟｯｷﾝ(4x20)10h L=2050,ﾀﾞｲｼｬﾊﾟｯｷﾝ,本,0,0,754112
1,754112I000301,台車ﾊﾟｯｷﾝ(6x20)15h L=2050,ﾀﾞｲｼｬﾊﾟｯｷﾝ,本,0,0,754112
1,754122I000101,ｷｰｽﾄﾝｸﾘｯﾌﾟ L=1910,ｷｰｽﾄﾝｸﾘｯﾌﾟ,本,0,0,754122
1,754122I000102,ｷｰｽﾄﾝｸﾘｯﾌﾟ L=2465,ｷｰｽﾄﾝｸﾘｯﾌﾟ,本,0,0,754122
1,754122I000103,ｷｰｽﾄﾝｸﾘｯﾌﾟ L=2685,ｷｰｽﾄﾝｸﾘｯﾌﾟ,本,0,0,754122
1,754122I000104,ｷｰｽﾄﾝｸﾘｯﾌﾟ L=2795,ｷｰｽﾄﾝｸﾘｯﾌﾟ,本,0,0,754122
1,754122I000105,ｷｰｽﾄﾝｸﾘｯﾌﾟ L=2985,ｷｰｽﾄﾝｸﾘｯﾌﾟ,本,0,0,754122
0 ,754122I000106,ｷｰｽﾄﾝｸﾘｯﾌﾟ 2000ｍ/回以上,ｷｰｽﾄﾝｸﾘｯﾌﾟ,本,0,0,754122
1,754122I000201,消音ﾁｭｰﾌﾞ,ｼｮｳｵﾝﾁｭｰﾌﾞ,本,0,0,754122
0 ,754132I000101,戸当気密材(PVC-7.6φ) 450m～600m/回,ﾄｱﾀﾘｷﾐﾂｻﾞｲ,ｍ,0,0,754132
0 ,754132I000102,戸当気密材(PVC-7.6φ) 750m～1200m/回,ﾄｱﾀﾘｷﾐﾂｻﾞｲ,ｍ,0,0,754132
0 ,754132I000103,戸当気密材(PVC-7.6φ) 1350～5000/回,ﾄｱﾀﾘｷﾐﾂｻﾞｲ,ｍ,0,0,754132
1,754132I000104,戸当気密材(PVC-7.6φ) 450m/回,ﾄｱﾀﾘｷﾐﾂｻﾞｲ,ｍ,0,0,754132
1,754142I000101,溶接棒7mm,ﾄｱﾀﾘｷﾐﾂｻﾞｲ,ｍ,0,0,754142
1,754142I000102,溶接棒7mm ﾌﾞﾗｳﾝ 300m巻,ﾖｳｾﾂﾎﾞｳ,ｍ,0,0,754142
1,754142I000103,溶接棒7mm ﾅﾁｭﾗﾙ 300m巻,ﾖｳｾﾂﾎﾞｳ,ｍ,0,0,754142
1,754142I000104,溶接棒7mm 黒 300m巻,ﾖｳｾﾂﾎﾞｳ,ｍ,0,0,754142
0 ,760022I000101,ﾃﾞｨｯﾌﾟｷｬｯﾌﾟ 9φ,ﾃﾞｨｯﾌﾟｷｬｯﾌ,個,0,0,760022
0 ,760022I000201,ﾃﾞｨｯﾌﾟｷｬｯﾌﾟ 12φ,ﾃﾞｨｯﾌﾟｷｬｯﾌ,個,0,0,760022
0 ,760022I000301,ﾃﾞｨｯﾌﾟｷｬｯﾌﾟ 16φ,ﾃﾞｨｯﾌﾟｷｬｯﾌ,個,0,0,760022
0 ,760022I000401,ﾃﾞｨｯﾌﾟｷｬｯﾌﾟ 20φ,ﾃﾞｨｯﾌﾟｷｬｯﾌ,個,0,0,760022
0 ,760022I000501,ﾃﾞｨｯﾌﾟｷｬｯﾌﾟ 26φ,ﾃﾞｨｯﾌﾟｷｬｯﾌ,個,0,0,760022
0 ,760022I000601,ﾃﾞｨｯﾌﾟｷｬｯﾌﾟ 29φ,ﾃﾞｨｯﾌﾟｷｬｯﾌ,個,0,0,760022
1,760022I000701,ﾎﾟﾘｶﾊﾟｲﾌﾟC付 9x125cm 400本/回,ﾎﾟﾘｶﾊﾟｲﾌﾟC,本,0,0,760022
1,760022I000801,ﾎﾟﾘｶﾊﾟｲﾌﾟC付 12x125cm 300本/回,ﾎﾟﾘｶﾊﾟｲﾌﾟC,本,0,0,760022
1,760022I000901,ﾎﾟﾘｶﾊﾟｲﾌﾟC付 16x125cm 300本/回,ﾎﾟﾘｶﾊﾟｲﾌﾟC,本,0,0,760022
1,760022I001101,ﾎﾟﾘｶﾊﾟｲﾌﾟC付 20x125cm 300本/回,ﾎﾟﾘｶﾊﾟｲﾌﾟC,本,0,0,760022
1,760022I001201,ﾎﾟﾘｶﾊﾟｲﾌﾟC付 29x125cm 200本/回,ﾎﾟﾘｶﾊﾟｲﾌﾟC,本,0,0,760022
1,760022I001301,ﾎﾟﾘｶﾊﾟｲﾌﾟC付　33x125cm(外注商品･本社,ﾎﾟﾘｶﾊﾟｲﾌﾟC,本,0,0,760022
1,760022I001401,ﾎﾟﾘｶﾊﾟｲﾌﾟC付 ★12x905 正規長さ+α,ﾎﾟﾘｶﾊﾟｲﾌﾟC,本,0,0,760022
1,760022I001501,ﾎﾟﾘｶﾊﾟｲﾌﾟC付 ★12x1205 正規の長さ+α,ﾎﾟﾘｶﾊﾟｲﾌﾟC,本,0,0,760022
1,760041D000101,押さえｺﾞﾑ 3.8φ 白　*ISI*,,,0,0,760041
1,760041D000201,粘着付自在ﾌﾞｯｼｭ(横溝あり)黒　3mm,ﾈﾝﾁｬｸﾂｷﾂｷｼ,箱,0,0,760041
1,760041I000301,押さえｺﾞﾑ3.8φ 白(2193*硬度65)-2000,ｵｻｴｺﾞﾑ3.8,ｍ,0,0,760041
0 ,760041I000302,押さえｺﾞﾑ3.8φ 白(2193*硬度65)-5000,ｵｻｴｺﾞﾑ3.8,ｍ,0,0,760041
0 ,760041I000303,押さえｺﾞﾑ3.8φ 白(2193*硬度65)-10000,ｵｻｴｺﾞﾑ3.8,ｍ,0,0,760041
1,760041I000401,押さえｺﾞﾑ3.8φ 白(8082*硬度70)-2000,ｵｻｴｺﾞﾑ3.8,ｍ,0,0,760041
0 ,760041I000402,押さえｺﾞﾑ3.8φ 白(8082*硬度70)-5000,ｵｻｴｺﾞﾑ3.8,ｍ,0,0,760041
0 ,760041I000403,押さえｺﾞﾑ3.8φ 白(8082*硬度70)-10000,ｵｻｴｺﾞﾑ3.8,ｍ,0,0,760041
1,760051D000101,ﾌﾟﾛﾃｸﾀｰﾎｰｽ 38x42x1000 *,,,1000,1010,760051
1,760051D000201,ﾌﾟﾛﾃｸﾀｰﾎｰｽ 57x61x800L *,,,800,810,760051
1,760051D000202,ﾌﾟﾛﾃｸﾀｰﾎｰｽ 57x61x600L　*,,,600,610,760051
1,760111D000101,2mm用粘着ｴｯｼﾞｶﾊﾞｰ(黒透明),,,100000,10400,760111
1,760111D000201,3mm用粘着ｴｯｼﾞｶﾊﾞｰ(黒透明),,,100000,10400,760111
1,760111D000301,2mm用粘着ｴｯｼﾞｶﾊﾞｰ（透明）,2,m,100000,10400,760111
1,760201D000101,粘着付きｴｯｼﾞｶﾊﾞｰ　L=1250,ﾈﾝﾁｬｸﾂｷｴｯｼ,本,0,0,760201
1,760201D000102,粘着付きｴｯｼﾞｶﾊﾞｰ　104M,ﾈﾝﾁｬｸﾂｷｴｯｼ,巻,100,104,760201
1,761031D000101,曲げﾎｰｽφ16xφ20(透明) 200本～,ﾏｹﾞﾎｰｽﾌｧｲ1,本,280,280,761031
0 ,761031D000102,曲げﾎｰｽφ16xφ20(透明) 500本～,ﾏｹﾞﾎｰｽﾌｧｲ1,本,280,280,761031
1,761041D000101,KCV3925 丸ﾊﾟｲﾌﾟ手摺ｶﾊﾞｰ ｾﾝﾀｰ2.5M,KCV3925,本,1353,1353,761041
1,761041D000102,KCV3925/H 丸ﾊﾟｲﾌﾟ手摺ｶﾊﾞｰｾﾝﾀｰ2.5M,KCV3925,本,1353,1353,761041
1,761041D000103,KCV3935 手摺ｶﾊﾞｰ(ｾﾝﾀｰ3.5m用),kcv3935 ﾏﾙ,本,2353,2353,761041
1,761041D000104,KCV3935/H 丸ﾊﾟｲﾌﾟ手摺ｶﾊﾞｰｾﾝﾀｰ3.5,KCV3935,本,2353,2353,761041
1,761041D000105,KCV3947 ﾙｰﾌﾟ用手摺ｶﾊﾞｰ(曲げ部),KCV3947,本,1500,1500,761041
1,761041D000106,KCV3947/H ﾙｰﾌﾟ用手摺ｶﾊﾞｰ曲げ部,KCV3947,本,1500,1500,761041
1,761041D000107,KCV3952 手摺ｶﾊﾞｰ(ｻｲﾄﾞ),kcv3952 ma,本,548.5,548.5,761041
1,761041D000108,KCV3952/H 丸ﾊﾟｲﾌﾟ手摺ｶﾊﾞｰｻｲﾄﾞ,KCV3952,本,548.5,548.5,761041
1,761041D000109,KCV3961 ﾙｰﾌﾟ用手摺ｶﾊﾞｰ(ｾﾝﾀｰ用3.5m),KCV3961,本,2363,2363,761041
1,761041D000110,KCV3961/H ﾙｰﾌﾟ用手摺ｶﾊﾞｰｾﾝﾀｰ3.5,KCV3961,本,2363,2363,761041
1,761041D000111,KCV3963 ﾙｰﾌﾟ用手摺ｶﾊﾞｰ ｾﾝﾀｰ2.5M,KCV3961,本,1363,1363,761041
1,761041D000112,KCV3963/H ﾙｰﾌﾟ用手摺ｶﾊﾞｰｾﾝﾀｰ2.5,63,本,1363,1363,761041
0 ,761041D000113,ﾙｰﾌﾟ用手摺ｶﾊﾞｰ4ｹ 一式,ﾙｰﾌﾟﾖｳﾃｽﾘ,本,0,0,761041
1,761041D000201,ｻｲﾄﾞｺﾞﾑ ｸﾞﾚｰ KGI3440/H(60本以上),ｻｲﾄﾞｺﾞﾑ ｸﾞ,,1570,1570,761041
1,761041D000301,ｻｲﾄﾞｺﾞﾑ ﾗﾍﾞﾝﾀﾞｰ KGI3440,ｻｲﾄﾞｺﾞﾑ ﾗﾍ,本,1570,1570,761041
0 ,761051I000101,PCﾌｨﾙﾀｰX L=487 400本/回,PCﾌｨﾙﾀｰX,本,0,0,761051
0 ,761051I000102,PCﾌｨﾙﾀｰX L=487 800本/回,PCﾌｨﾙﾀｰ L=,本,0,0,761051
0 ,761051I000103,PCﾌｨﾙﾀｰX L=487 1600本/回,PCﾌｨﾙﾀｰX L,本,0,0,761051
0 ,761051I000201,PCﾌｨﾙﾀｰY L=290 800本/回,PCﾌｨﾙﾀｰY L,本,0,0,761051
0 ,761051I000202,PCﾌｨﾙﾀｰY L=290 1600本/回,PCﾌｨﾙﾀｰY L,本,0,0,761051
0 ,761051I000203,PCﾌｨﾙﾀｰY L=290 400本/回,PCﾌｨﾙﾀｰY,本,0,0,761051
0 ,761051I000301,PCﾚﾝｽﾞﾌｨﾙﾀｰⅡ-B L=2000,PCﾚﾝｽﾞﾌｨﾙﾀ,本,0,0,761051
0 ,761051I000302,PCﾚﾝｽﾞﾌｨﾙﾀｰ素材Y2 PC-800L,PCﾚﾝｽﾞﾌｨﾙﾀ,本,0,0,761051
0 ,761051I000303,PCﾚﾝｽﾞﾌｨﾙﾀｰ素材Y2 PC-1300L,PCﾚﾝｽﾞﾌｨﾙﾀ,本,0,0,761051
0 ,761062I000101,ﾌｧｲﾊﾞｰ3φ 透明 L=300 1000本,ﾌｧｲﾊﾞｰﾎﾙﾀﾞ,本,0,0,761062
0 ,761062I000102,ﾌｧｲﾊﾞｰ3φ 透明 L=300 2000本,ﾌｧｲﾊﾞｰﾎﾙﾀﾞ,本,0,0,761062
0 ,761062I000201,ﾌｧｲﾊﾞｰﾎﾙﾀﾞｰ3φ 透明 L=300 1000本,ﾌｧｲﾊﾞｰﾎﾙﾀﾞ,本,0,0,761062
0 ,761062I000202,ﾌｧｲﾊﾞｰﾎﾙﾀﾞｰ3φ 透明 L=300 2000本,ﾌｧｲﾊﾞｰﾎﾙﾀﾞ,本,0,0,761062
1,761071D000101,室内機端末仕上材 W120xT1xL940,ｼﾂﾅｲｷﾀﾝﾏﾂｼ,枚,940,940,761071
1,761071D000102,35464 室内機端末仕上材 W120xt1xL240,ｼﾂﾅｲｷﾀﾝﾏﾂｼ,枚,240,240,761071
1,761071I000201,PVCｽﾍﾟｰｻｰ　500m～1000m/回,PVCｽﾍﾟｰｻｰ,ｍ,0,0,761071
0 ,761071I000202,PVCｽﾍﾟｰｻｰ　1500m～3000m/回,PVCｽﾍﾟｰｻｰ,ｍ,0,0,761071
1,762002I000101,ｼｪｰﾄﾞｶﾊﾞｰ(DR-31676) L=305 (100本/回),ｼｪｰﾄﾞｶﾊﾞｰ,本,0,0,762002
0 ,762002I000102,ｼｪｰﾄﾞｶﾊﾞｰ(DR-31676) L=305 (500本/回),ｼｪｰﾄﾞｶﾊﾞｰ,本,0,0,762002
0 ,762002I000103,ｼｪｰﾄﾞｶﾊﾞｰ(DR-31676) L=305 (800本/回),ｼｪｰﾄﾞｶﾊﾞｰ,本,0,0,762002
0 ,762002I000104,ｼｪｰﾄﾞｶﾊﾞｰ(DR-31676) L=545 (100本/回),ｼｪｰﾄﾞｶﾊﾞｰ,本,0,0,762002
0 ,762002I000105,ｼｪｰﾄﾞｶﾊﾞｰ(DR-31676) L=545 (500本/回),ｼｪｰﾄﾞｶﾊﾞｰ,本,0,0,762002
0 ,762002I000106,ｼｪｰﾄﾞｶﾊﾞｰ(DR-31676) L=545 (800本/回),ｼｪｰﾄﾞｶﾊﾞｰ,本,0,0,762002
1,762002I000201,照明ｶﾊﾞｰ(DR-31677) L=305 (100本/回),ｼｮﾒｲｶﾊﾞｰ,本,0,0,762002
0 ,762002I000202,照明ｶﾊﾞｰ(DR-31677) L=305 (500本/回),ｼｮﾒｲｶﾊﾞｰ,本,0,0,762002
0 ,762002I000203,照明ｶﾊﾞｰ(DR-31677) L=305 (800本/回),ｼｮﾒｲｶﾊﾞｰ,本,0,0,762002
0 ,762002I000204,照明ｶﾊﾞｰ(DR-31677) L=545 (100本/回),ｼｮﾒｲｶﾊﾞｰ,本,0,0,762002
0 ,762002I000205,照明ｶﾊﾞｰ(DR-31677) L=545 (500本/回),ｼｮﾒｲｶﾊﾞｰ,本,0,0,762002
0 ,762002I000206,照明ｶﾊﾞｰ(DR-31677) L=545 (800本/回),ｼｮﾒｲｶﾊﾞｰ,本,0,0,762002
1,762041D000101,ﾊﾞﾝﾊﾟｰ用(ｴﾗｽﾄﾏｰｶﾊﾞｰ 2Tx90X2000),ｴﾗｽﾄﾏｰｶﾊﾞｰ,個,2000,2050,762041
1,762041D000201,甲丸ﾊﾟｯｷﾝ　6.35x12.7x100m,ｺｳﾏﾙﾏﾙ｣ﾊﾟｯ,巻,100,103,762041
0 ,762041D000202,甲丸ﾊﾟｯｷﾝ　6.35x12.7x100m　一式,ｺｳﾏﾙﾏﾙ｣ﾊﾟｯ,巻,100,103,762041
1,763031D000101,24C7Z0995 GR　SHAFT RING,,,0,0,763031
1,763031D000201,SHAFT RING 2.2t 201-64,,,0,0,763031
1,763031D000301,32CDT7995 ｼｬﾌﾄﾘﾝｸﾞ(200枚),,,21000,21000,763031
1,763031D000401,27C7Z0995 SHAFT RING t=2,SHAFT,,200,200,763031
1,763031D000501,32CDT7995 SHAFT RING t=2.5,,,21000,21000,763031
1,764021D000101,保護ｶﾊﾞｰ材1.5x4 粘着付き L=615,,,615,620,764021
1,764021D000201,3mmｴｯｼﾞｶﾊﾞｰ 黒 軟質PVC 3mｘ34本,,,0,0,764021
1,764021D000301,ｴｯｼﾞﾓｰﾙ 10mmX30M巻 黒 NO.2,ｴｯｼﾞﾓｰﾙ 10,M,30000,0,764021
1,764041D000101,ｴｯｼﾞﾓｰﾙ 0.5xL1405mm ｸﾛ 強粘着,ｴｯｼﾞﾓｰﾙ 0.,,0,0,764041
1,764041D000102,ｴｯｼﾞﾓｰﾙ 0.5xL765mm ｸﾛ 強粘着,76.5 ｸﾛ ｷｮ,,0,0,764041
1,764051D000101,LEDsｳｪｰﾌﾞ様ｹｰｽ 4010 L=3000(1000m～),LEDsｳｪｰﾌﾞ,本,3000,3020,764051
0 ,764051D000102,LEDsｳｪｰﾌﾞ用ｹｰｽ 4010 (400m～),LEDsｳｪｰﾌﾞ,m,0,0,764051
1,764051D000103,LEDsｳｪｰﾌﾞ用ｹｰｽ 4010 L=1500(1000m～),LEDsｳｪｰﾌﾞ,本,1500,1520,764051
1,764051D000104,LEDsｳｪｰﾌﾞ用ｹｰｽ 4010 L=2000(1000m～),LEDsｳｪｰﾌﾞ,本,2000,2020,764051
0 ,764051D000105,LEDsｳｪｰﾌﾞ用ｹｰｽ4010(2000m～),LEDsｳｪｰﾌﾞ,m,0,0,764051
0 ,764051D000106,LEDsｳｪｰﾌﾞ用ｹｰｽ4010(4000m～),LEDsｳｪｰﾌﾞ,m,0,0,764051
0 ,764051D000201,ｶｰﾌﾞｹｰｽ L=2000mm (1000本以上),ｶｰﾌﾞｹｰｽ,本,2000,2040,764051
1,764051D000202,ｶｰﾌﾞｹｰｽ L=2000mm (500本以上)4010,ｶｰﾌﾞｹｰｽ,本,2000,2040,764051
1,764066I000101,水耕栽培 しぶき止 本体 L=2500,ｼﾌﾞｷﾄﾞﾒ ﾎﾝ,本,0,0,764066
1,764066I000201,水耕栽培 しぶき止ﾊﾟｯｷﾝ,ｼﾌﾞｷﾄﾞﾒﾊﾟｯ,ｍ,0,0,764066
1,764066I000301,水耕栽培 波止 L=1000,ﾅﾐﾄﾒ L=100,本,0,0,764066
1,770011D000101,PPﾁｭｰﾌﾞ黒φ5Xφ2.5XL=400,PPﾁｭｰﾌﾞ,本,400,400,770011
1,770011D000201,PPﾁｭｰﾌﾞ白φ5Xφ1.9XL=500 3000本,PPﾁｭｰﾌﾞ,本,500,500,770011
1,770011D000301,PPﾁｭｰﾌﾞ茶φ5Xφ2.5XL≃400,PPﾁｭｰﾌﾞ,本,400,400,770011
1,770011D000401,PPﾁｭｰﾌﾞ白φ5Xφ2.5XL≃400,PPﾁｭｰﾌﾞ,本,400,400,770011
1,770011D000501,PPﾁｭｰﾌﾍﾞｰｼﾞｭφ5Xφ1.9XL≃496,PPﾁｭｰﾌﾞ,本,496,496,770011
1,770011D000601,PEﾁｭｰﾌﾞ黒φ5Xφ1.9XL≃418,PEﾁｭｰﾌﾞ,本,418,418,770011
1,770011D000602,PEﾁｭｰﾌﾞ黒φ5Xφ1.9XL≃500 2000本,PEﾁｭｰﾌﾞ,本,500,500,770011
1,770011D000701,PPﾁｭｰﾌﾞφ5Xφ1.9XL≃500　1000本,PPﾁｭｰﾌﾞ,本,500,500,770011
1,770011D000702,PPﾁｭｰﾌﾞ白φ5Xφ1.9XL=500　2000本,PPﾁｭｰﾌﾞ,本,500,500,770011
1,770042D000101,ｽﾗｲﾄﾞﾊﾟｯｷﾝ L=3600,,,3600,3635,770042
1,770042I000201,ｾﾝｻｰﾚｰﾙｶﾊﾞｰDB40053701P L=2284 *I*,,台,0,0,770042
1,770042I000202,ｾﾝｻｰﾚｰﾙｶﾊﾞｰDB40053703P L=2134 *I*,,台,0,0,770042
1,770051D000101,M-281RL 22φx15L,,,0,0,770051
1,770051D000201,M-281RS 14.5φ 15L (1000ｹ/袋),,,0,0,770051
1,770051D000301,P-281R 20φx15L (400ｹ/袋),,,0,0,770051
0 ,770051D000401,ﾃｰﾌﾟﾚｰﾙ 6mm 60L (ﾁｭｰﾌﾞﾚｰﾙ P-281T),,,0,0,770051
0 ,770051D000501,ﾏｽｷﾝｸﾞﾌｲﾙﾑ購入費用35mmx1000mx28巻,ﾏｽｷﾝｸﾞ,式,0,0,770051
1,770051D000601,足ﾉ助ﾋｰﾀｰ押ｻｴ 290mmL wk1020,,,0,0,770051
1,770051D000701,中空台車ﾊﾞﾝﾊﾟｰ(ﾋﾚ付),ﾁｭｳｸｳﾀﾞｲｼｬ,m,0,0,770051
0 ,770051D000801,内層着色用ﾏｽﾀｰﾊﾞｯﾁ購入費用,ﾅｲｿｳﾁｬｸｼｮｸ,式,0,0,770051
1,770051D000901,粘着ﾛｰﾗｰ φ10xφ5x20L 黒 (20000個),ﾈﾝﾁｬｸﾛｰﾗｰ1,,0,0,770051
1,770051D000902,粘着ﾛｰﾗｰ φ10xφ5x50L (10000個),ﾈﾝﾁｬｸﾛｰﾗｰ1,,0,0,770051
0 ,770051D000903,粘着ﾛｰﾗｰ5x10mm ﾏｽｷﾝｸﾞﾌｲﾙﾑ巻付治具,ﾈﾝﾁｬｸﾛｰﾗｰ5,式,0,0,770051
0 ,770051D000904,粘着ﾛｰﾗｰ調整費用及び試作費用,ﾈﾝﾁｬｸﾛｰﾗﾁｮ,式,0,0,770051
0 ,770051D000905,粘着ﾛｰﾗｰ定寸ｶｯﾄ用治具,ﾈﾝﾁｬｸﾛｰﾗｰﾃ,式,0,0,770051
1,770111D000101,PVC透明パイプφ22×φ16×2000L,PVCﾄｳﾒｲﾊﾟｲ,式,0,0,770111
1,772011D000101,YEPﾁｭｰﾌﾞ7x13 TC2283 ﾂﾔ無,ﾀﾞｲﾃﾞﾝﾁｭｰﾌ,m,100000,104000,772011
1,772011D000201,YEPﾁｭｰﾌﾞ12x18 TC2283 ﾂﾔ無,ﾀﾞｲﾃﾞﾝﾁｭｰﾌ,m,50000,52000,772011
1,772011D000301,YEPﾁｭｰﾌﾞφ7xφ10 TC2283 艶無100m巻,ﾀﾞｲﾃﾞﾝﾁｭｰﾌ,m,0,0,772011
1,772011D000202,大電ﾁｭｰﾌﾞ12x18,ﾀﾞｲﾃﾞﾝﾁｭｰﾌ,m,50000,52000,772011
1,772011D000102,大電ﾁｭｰﾌﾞ7x13,ﾀﾞｲﾃﾞﾝﾁｭｰﾌ,m,100000,104000,772011
1,772011D000401,YEPﾁｭｰﾌﾞφ2.5X4.5 ﾂﾔ有,YEPﾁｭｰﾌﾞ,m,100000,104000,772011
1,772011D000501,YEPﾁｭｰﾌﾞφ5X9  ﾂﾔ有,YEPﾁｭｰﾌﾞ,m,100000,104000,772011
1,772011D000601,YEPﾁｭｰﾌﾞφ1.6X3.2 ﾂﾔ有,YEPﾁｭｰﾌﾞ,m,100000,104000,772011
1,772011D000701,YEPﾁｭｰﾌﾞφ2X4 ﾂﾔ有　100m巻,YEPﾁｭｰﾌﾞ,m,100000,104000,772011
1,772011D000801,YEPﾁｭｰﾌﾞφ15X20 ﾂﾔ有,YEPﾁｭｰﾌﾞ,m,50000,52000,772011
0 ,772011D001101,Lﾁｭｰﾌﾞ B70492F1,lﾁｭｰﾌﾞ,本,0,0,772011
0 ,772011D001201,Tube1,lﾁｭｰﾌﾞ,本,0,0,772011
0 ,772011D001301,TUBE1 B20066R,lﾁｭｰﾌﾞ,本,0,0,772011
0 ,772011D001401,ﾁｭｰﾌﾞ12x18L曲げ B70492R,lﾁｭｰﾌﾞ,本,0,0,772011
1,772051D000101,BRM串 金型修正,brmｸｼｶﾅｶﾞﾀ,,0,0,772051
1,772051D000102,BRM縫込みｱｼﾞｬｽﾀｰ串大（12.5x2.5x900L),,,0,0,772051
1,772051D000201,PP串 2.4x10.2 L=900(ﾛｯﾄ10000),,,905,905,772051
0 ,772051D000202,PP串 2.4x10.2 L=900(ﾛｯﾄ50000),,,905,905,772051
0 ,774012D000101,屋外ﾗｲｲﾝ照明ｶﾊﾞｰ調色試作費,ｵｸｶﾞｲﾗｲｲﾝｼ,,0,0,774012
1,774012D000201,屋外ﾗｲﾝ照明ｶﾊﾞｰ成形品 L=1186 拡散材,ｵｸｶﾞｲﾗｲﾝｼｮ,,0,0,774012
1,774012D000301,屋外ﾗｲﾝ照明ｶﾊﾞｰ成形品 L=1480 ｸﾘｱ,ｵｸｶﾞｲﾗｲﾝｼｮ,,0,0,774012
1,774012D000401,駐輪場 照明ｶﾊﾞｰ(濃乳白色)L=790,ﾁｭｳｼｬ,,0,0,774012
0 ,781011D000101,21563 ｸﾘｶｴｼ貼れるｴｯｼﾞｸｯｼｮﾝ小 BRﾌﾞﾗｳﾝ,21563ｴｯｼﾞｸ,袋,400,400,781011
0 ,781011D000201,21564 ｸﾘｶｴｼ貼れるｴｯｼﾞｸｯｼｮﾝ小 CL透明,21564ｴｯｼﾞｸ,袋,400,400,781011
0 ,781011D000301,21565 ｸﾘｶｴｼ貼れるｴｯｼﾞｸｯｼｮﾝ大 BRﾌﾞﾗｳﾝ,21565ｴｯｼﾞｸ,袋,400,400,781011
0 ,781011D000401,21566 ｸﾘｶｴｼ貼れるｴｯｼﾞｸｯｼｮﾝ大 CL透明,21566ｴｯｼﾞｸ,袋,400,400,781011
1,781011I000501,S0882800601 BR ﾍﾟｯﾄﾊｳｽ(DX-580) L=840,ﾍﾟｯﾄﾊｳｽ,本,0,0,781011
1,781011I000601,S0882800602 DG ﾍﾟｯﾄﾊｳｽ(DX-580) L=840,ﾍﾟｯﾄﾊｳｽ,本,0,0,781011
0 ,781041D000101,NSﾗﾊﾞｰ 3X11*両面ﾃｰﾌﾟ御社支給,NSﾗﾊﾞｰ 3X1,巻,50000,50000,781041
1,781041D000102,NSﾗﾊﾞｰ 3X11*両面ﾃｰﾌﾟ御社支給(1巻50m),NSﾗﾊﾞｰ 3X1,巻,50000,50000,781041
1,783011D000101,ﾁｭｰﾌﾞRS-46 100巻～,ﾁｭｰﾌﾞ RS-4,巻,10000,10400,783011
0 ,783011D000102,ﾁｭｰﾌﾞRS-46 300巻～,ﾁｭｰﾌﾞ RS-4,巻,10000,10400,783011
0 ,783011D000103,ﾁｭｰﾌﾞRS-46 500巻～,ﾁｭｰﾌﾞ RS-4,巻,10000,10400,783011
0 ,783011D000104,ﾁｭｰﾌﾞRS-46 1000巻～,ﾁｭｰﾌﾞ RS-4,巻,10000,10400,783011
1,783011D000201,模擬血管ｳﾚﾀﾝﾁｭｰﾌﾞ硬度A-78/3.8x3.2mm,ﾓｷﾞｹｯｶﾝ,本,400,402,783011
1,783011D000301,模擬血管ｳﾚﾀﾝﾁｭｰﾌﾞ硬度A-78/4.6x4mm,ﾓｷﾞｹｯｶﾝ,本,400,402,783011
1,783011D000401,模擬血管ﾁｭｰﾌﾞ硬度φ5x4.0mm,ﾓｷﾞｹｯｶﾝ,本,0,0,783011
1,783011D000501,小児用擬似血管ﾁｭｰﾌﾞ2.9x2.3mm,ﾓｷﾞｹｯｶﾝ,m,0,0,783011
1,783011D000601,模擬血管ｳﾚﾀﾝﾁｭｰﾌﾞ4x3mm,ﾓｷﾞｹｯｶﾝ,巻,0,0,783011
0 ,783022I000101,PCｶﾊﾞｰ(ｽﾄｯｶｰ取って補強ﾊﾟｰﾂ)L=744,PCｶﾊﾞｰ(ｽﾄｯ,式,0,0,783022
1,783022I000102,ｽﾄｯｶｰ取手補強ﾊﾟｰﾂ ① L=744mm 300本,ｽﾄｯｶｰﾄｯﾃ,本,0,0,783022
1,783022I000103,ｽﾄｯｶｰ取手補強ﾊﾟｰﾂ ② L=715mm 300本,ｽﾄｯｶｰﾄｯﾃ,本,0,0,783022
1,790022B000101,3K22331　10mm幅のり付き,3k22331 10,M,0,0,790022
1,790022B000102,3K25455 10mmx1.2mm ﾃｰﾌﾟ有 1400個/回,3K25455,個,0,0,790022
0 ,790022B000103,3K25455 10mmx1.2mm ﾃｰﾌﾟ有 2000個/回,3K25455,個,0,0,790022
1,790022B000201,3K22333　15mm幅のり付き,3K22333 15,M,0,0,790022
1,790022B000202,3K22334　15mm幅のり無し,3K22334 15,M,0,0,790022
1,790022B000301,3K22335　20mm幅のり付き,3K22335 20,M,0,0,790022
1,790022B000302,3K22336　20mmﾃｰﾌﾟ無し,3K22922 10,ｍ,0,0,790022
1,790022B000303,3K25456 20mmx1.2mm ﾃｰﾌﾟ有 600個/回,3K25456,個,0,0,790022
0 ,790022B000304,3K25456 20mmx1.2mm ﾃｰﾌﾟ有 1000個/回,3K25456,個,0,0,790022
1,790022B000104,3K22922　10mmﾃｰﾌﾟ有 L=1000,3K22922 10,本,0,0,790022
1,790022D000501,AT材　3K-25350,AT,,100000,104000,790022
1,790031D000101,樹脂ﾌｧｲﾊﾞｰTZ05KB03 φ6.3 L=800mm,ｼﾞｭｼﾌｧｲﾊﾞｰ,,0,0,790031
1,790041I000101,TS_COVER 900L 01 3000本,TS_COVER,本,0,0,790041
1,790051D000101,にーちゃん(ｺﾐｭﾆｹｰｼｮﾝﾙｰﾌﾟ φ200),ｺﾐｭﾆｹｰｼｮﾝﾙ,本,0,0,790011
1,790051D000102,さんちゃん(ｺﾐｭﾆｹｰｼｮﾝﾙｰﾌﾟ φ300),ｻﾝﾁｬﾝ(ｺﾐｭﾆ,本,0,0,790011
1,790051D000103,ろくちゃん(ｺﾐｭﾆｹｰｼｮﾝﾙｰﾌﾟ φ600),ｺﾐｭﾆｹｰｼｮﾝﾙ,本,0,0,790011
1,790051D000104,いちごちゃん(ｺﾐｭﾆｹｰｼｮﾝﾙｰﾌﾟ　φ150),,本,0,0,790011
1,790051D000105,ごーくん(ｺﾐｭﾆｹｰｼｮﾝﾙｰﾌﾟ　Φ500),ｺﾐｭﾆｹｰｼｮﾝﾙ,本,0,0,790011
1,790061I000101,LEDｶﾊﾞｰ ﾄﾞｰﾑﾀｲﾌﾟ 乳白 L=1106,LEDｶﾊﾞｰ,本,0,0,790061
1,790061I000102,LEDｶﾊﾞｰ ﾄﾞｰﾑﾀｲﾌﾟ 乳白 L=1306,LEDｶﾊﾞｰﾌﾗｯ,本,0,0,790061
1,790061I000103,LEDｶﾊﾞｰ ﾄﾞｰﾑﾀｲﾌﾟ 乳白 L=1416,LEDｶﾊﾞｰ,本,0,0,790061
1,790061I000104,LEDｶﾊﾞｰ ﾄﾞｰﾑﾀｲﾌﾟ 乳白 L=2000,LEDｶﾊﾞ-ﾌﾗｯ,本,0,0,790061
1,790061I000105,LEDｶﾊﾞｰ ﾄﾞｰﾑﾀｲﾌﾟ 乳白 L=506,LEDｶﾊﾞｰ,本,0,0,790061
1,790061I000106,LEDｶﾊﾞｰ ﾄﾞｰﾑﾀｲﾌﾟ 乳白 L=806,LEDｶﾊﾞｰ,本,0,0,790061
1,790061I000107,LEDｶﾊﾞｰﾄﾞｰﾑﾀｲﾌﾟ 乳白 L=396 250ｍ,LEDｶﾊﾞｰ ﾄﾞ,本,0,0,790061
1,790061I000108,LEDｶﾊﾞｰﾄﾞｰﾑﾀｲﾌﾟ 乳白 L=506 250ｍ,LEDｶﾊﾞｰﾄﾞ-,本,0,0,790061
1,790061I000109,LEDｶﾊﾞｰﾄﾞｰﾑﾀｲﾌﾟ 乳白 L=806 250ｍ,LEDｶﾊﾞｰﾄﾞ-,本,0,0,790061
1,790061I000110,LEDｶﾊﾞｰﾄﾞｰﾑﾀｲﾌﾟ 乳白 L=1306 250m,LEDｶﾊﾞｰﾄﾞｰ,本,0,0,790061
1,790061I000111,LEDｶﾊﾞｰﾄﾞｰﾑﾀｲﾌﾟ 乳白 L=2000 250ｍ,LEDｶﾊﾞｰﾄﾞｰ,本,0,0,790061
1,790061I000112,LEDｶﾊﾞｰﾄﾞｰﾑﾀｲﾌﾟ 乳白 L=1106(1000以下,LEDｶﾊﾞｰﾄﾞｰ,本,0,0,790061
1,790061I000113,LEDｶﾊﾞｰﾄﾞｰﾑﾀｲﾌﾟ 乳白 L=1416(1000以下,LEDｶﾊﾞｰﾄﾞｰ,本,0,0,790061
0 ,790061I000201,LEDｶﾊﾞｰ ﾌﾗｯﾄﾀｲﾌﾟ 乳白,LEDｶﾊﾞｰﾌﾗｯ,ｍ,0,0,790061
1,790061I000202,LEDｶﾊﾞｰ ﾌﾗｯﾄﾀｲﾌﾟ 乳白 L=1109,LEDｶﾊﾞｰ,本,0,0,790061
1,790061I000203,LEDｶﾊﾞｰ ﾌﾗｯﾄﾀｲﾌﾟ 乳白 L=1219,LEDｶﾊﾞｰﾌﾗｯ,本,0,0,790061
1,790061I000204,LEDｶﾊﾞｰ ﾌﾗｯﾄﾀｲﾌﾟ 乳白 L=1419,LEDｶﾊﾞｰ,本,0,0,790061
1,790061I000205,LEDｶﾊﾞｰ ﾌﾗｯﾄﾀｲﾌﾟ 乳白 L=1609,LEDｶﾊﾞｰ,本,0,0,790061
1,790061I000206,LEDｶﾊﾞｰ ﾌﾗｯﾄﾀｲﾌﾟ 乳白 L=1309,LEDｶﾊﾞｰﾌﾗｯ,本,0,0,790061
1,790061I000207,LEDｶﾊﾞｰ ﾌﾗｯﾄﾀｲﾌﾟ 乳白 L=1719,LEDｶﾊﾞｰ,本,0,0,790061
1,790061I000208,LEDｶﾊﾞｰ ﾌﾗｯﾄﾀｲﾌﾟ 乳白 L=1799,LEDｶﾊﾞｰ,本,0,0,790061
1,790061I000209,LEDｶﾊﾞｰ ﾌﾗｯﾄﾀｲﾌﾟ 乳白 L=2000,LEDｶﾊﾞｰﾌﾗｯ,本,0,0,790061
1,790061I000210,LEDｶﾊﾞｰ ﾌﾗｯﾄﾀｲﾌﾟ 乳白 L=319,LEDｶﾊﾞｰ,本,0,0,790061
1,790061I000211,LEDｶﾊﾞｰ ﾌﾗｯﾄﾀｲﾌﾟ 乳白 L=399,LEDｶﾊﾞｰ,本,0,0,790061
1,790061I000212,LEDｶﾊﾞｰ ﾌﾗｯﾄﾀｲﾌﾟ 乳白 L=509,LEDｶﾊﾞｰ,本,0,0,790061
1,790061I000213,LEDｶﾊﾞｰ ﾌﾗｯﾄﾀｲﾌﾟ 乳白 L=619,LEDｶﾊﾞｰ,本,0,0,790061
1,790061I000214,LEDｶﾊﾞｰ ﾌﾗｯﾄﾀｲﾌﾟ 乳白 L=699,LEDｶﾊﾞｰ,本,0,0,790061
1,790061I000215,LEDｶﾊﾞｰ ﾌﾗｯﾄﾀｲﾌﾟ 乳白 L=809,LEDｶﾊﾞｰ,本,0,0,790061
1,790061I000216,LEDｶﾊﾞｰ ﾌﾗｯﾄﾀｲﾌﾟ 乳白 L=999,LEDｶﾊﾞｰ,本,0,0,790061
1,790061I000221,LEDｶﾊﾞｰﾌﾗｯﾄﾀｲﾌﾟ 乳白 L=3000(1000以下,LEDｶﾊﾞｰﾌﾗｯ,本,0,0,790061
1,790061I000222,LEDｶﾊﾞｰﾌﾗｯﾄﾀｲﾌﾟ 乳白 L=2500(1000以下,LEDｶﾊﾞｰﾌﾗｯ,本,0,0,790061
1,790061I000223,LEDｶﾊﾞｰﾌﾗｯﾄﾀｲﾌﾟ 乳白 L=2049(1000以下,LEDｶﾊﾞｰﾌﾗｯ,本,0,0,790061
1,790061I000224,LEDｶﾊﾞｰﾌﾗｯﾄﾀｲﾌﾟ 乳白 L=2000(1000以下,LEDｶﾊﾞｰﾌﾗｯ,本,0,0,790061
1,790061I000225,LEDｶﾊﾞｰﾌﾗｯﾄﾀｲﾌﾟ 乳白 L=1989(1000以下,LEDｶﾊﾞｰﾌﾗｯ,本,0,0,790061
1,790061I000226,LEDｶﾊﾞｰﾌﾗｯﾄﾀｲﾌﾟ 乳白 L=1799(1000以下,LEDｶﾊﾞｰﾌﾗｯ,本,0,0,790061
1,790061I000227,LEDｶﾊﾞｰﾌﾗｯﾄﾀｲﾌﾟ 乳白 L=1769(1000以下,LEDｶﾊﾞｰﾌﾗｯ,本,0,0,790061
1,790061I000228,LEDｶﾊﾞｰﾌﾗｯﾄﾀｲﾌﾟ 乳白 L=1719(1000以下,LEDｶﾊﾞｰ ﾌﾗ,本,0,0,790061
1,790061I000229,LEDｶﾊﾞｰﾌﾗｯﾄﾀｲﾌﾟ 乳白 L=1659(1000以下,LEDｶﾊﾞｰﾌﾗｯ,本,0,0,790061
1,790061I000230,LEDｶﾊﾞｰﾌﾗｯﾄﾀｲﾌﾟ 乳白 L=1609(1000以下,LEDｶﾊﾞｰﾌﾗｯ,本,0,0,790061
1,790061I000231,LEDｶﾊﾞｰﾌﾗｯﾄﾀｲﾌﾟ 乳白 L=1499(1000以下,LEDｶﾊﾞｰﾌﾗｯ,本,0,0,790061
1,790061I000232,LEDｶﾊﾞｰﾌﾗｯﾄﾀｲﾌﾟ 乳白 L=1469(1000以下,LEDｶﾊﾞｰﾌﾗｯ,本,0,0,790061
1,790061I000233,LEDｶﾊﾞｰﾌﾗｯﾄﾀｲﾌﾟ 乳白 L=1419(1000以下,LEDｶﾊﾞｰﾌﾀｯ,本,0,0,790061
1,790061I000234,LEDｶﾊﾞｰﾌﾗｯﾄﾀｲﾌﾟ 乳白 L=1389(1000以下,LEDｶﾊﾞｰﾌﾗｯ,本,0,0,790061
1,790061I000235,LEDｶﾊﾞｰﾌﾗｯﾄﾀｲﾌﾟ 乳白 L=1309 1000以下,LEDｶﾊﾞｰﾌﾗｯ,本,0,0,790061
1,790061I000236,LEDｶﾊﾞｰﾌﾗｯﾄﾀｲﾌﾟ 乳白 L=1279(1000以下,LEDｶﾊﾞｰﾌﾗｯ,本,0,0,790061
1,790061I000237,LEDｶﾊﾞｰﾌﾗｯﾄﾀｲﾌﾟ 乳白 L=1219(1000以下,LEDｶﾊﾞｰﾌﾗｯ,本,0,0,790061
1,790061I000238,LEDｶﾊﾞｰﾌﾗｯﾄﾀｲﾌﾟ 乳白 L=1139(1000以下,LEDｶﾊﾞｰﾌﾗｯ,本,0,0,790061
1,790061I000239,LEDｶﾊﾞｰﾌﾗｯﾄﾀｲﾌﾟ 乳白 L=1109(1000以下,LEDｶﾊﾞｰﾌﾗｯ,本,0,0,790061
1,790061I000240,LEDｶﾊﾞｰﾌﾗｯﾄﾀｲﾌﾟ 乳白 L=1089(1000以下,LEDｶﾊﾞｰﾌﾗｯ,本,0,0,790061
1,790061I000241,LEDｶﾊﾞｰﾌﾗｯﾄﾀｲﾌﾟ 乳白 L=1000(1000以下,LEDｶﾊﾞｰﾌﾗｯ,本,0,0,790061
1,790061I000242,LEDｶﾊﾞｰﾌﾗｯﾄﾀｲﾌﾟ 乳白 L=999(1000以下,LEDｶﾊﾞｰﾌﾗｯ,本,0,0,790061
1,790061I000243,LEDｶﾊﾞｰﾌﾗｯﾄﾀｲﾌﾟ 乳白 L=839(1000以下),LEDｶﾊﾞｰﾌﾗｯ,本,0,0,790061
1,790061I000244,LEDｶﾊﾞｰﾌﾗｯﾄﾀｲﾌﾟ 乳白 L=809(1000以下,LEDｶﾊﾞｰﾌﾗｯ,本,0,0,790061
1,790061I000245,LEDｶﾊﾞｰﾌﾗｯﾄﾀｲﾌﾟ 乳白 L=806(1000以下,LEDｶﾊﾞｰﾌﾗｯ,本,0,0,790061
1,790061I000246,LEDｶﾊﾞｰﾌﾗｯﾄﾀｲﾌﾟ 乳白 L=699(1000以下,LEDｶﾊﾞｰﾌﾗｯ,本,0,0,790061
1,790061I000247,LEDｶﾊﾞｰﾌﾗｯﾄﾀｲﾌﾟ 乳白 L=669(1000以下),LEDｶﾊﾞｰﾌﾗｯ,本,0,0,790061
1,790061I000248,LEDｶﾊﾞｰﾌﾗｯﾄﾀｲﾌﾟ 乳白 L=619(1000以下,LEDｶﾊﾞｰﾌﾗｯ,本,0,0,790061
1,790061I000249,LEDｶﾊﾞｰﾌﾗｯﾄﾀｲﾌﾟ 乳白 L=509(1000以下,LEDｶﾊﾞｰﾌﾗｯ,本,0,0,790061
1,790061I000250,LEDｶﾊﾞｰﾌﾗｯﾄﾀｲﾌﾟ 乳白 L=506(1000以下,LEDｶﾊﾞｰﾌﾗｯ,本,0,0,790061
1,790061I000251,LEDｶﾊﾞｰﾌﾗｯﾄﾀｲﾌﾟ 乳白 L=399(1000以下,LEDｶﾊﾞｰﾌﾗｯ,本,0,0,790061
1,790061I000252,LEDｶﾊﾞｰﾌﾗｯﾄﾀｲﾌﾟ 乳白 L=396(1000以下,LEDｶﾊﾞｰﾌﾗｯ,本,0,0,790061
1,790061I000253,LEDｶﾊﾞｰﾌﾗｯﾄﾀｲﾌﾟ 乳白 L=319(1000以下,LEDｶﾊﾞｰﾌﾗｯ,本,0,0,790061
1,790061I000301,LEDｶﾊﾞｰ ﾌﾗｯﾄﾀｲﾌﾟ02 乳白 250ｍ～999ｍ,LEDｶﾊﾞｰ ﾌﾗ,ｍ,0,0,790061
0 ,790061I000302,LEDｶﾊﾞｰ ﾌﾗｯﾄﾀｲﾌﾟ02 乳白1000～1999ｍ,LEDｶﾊﾞｰ ﾌﾗ,ｍ,0,0,790061
0 ,790061I000303,LEDｶﾊﾞｰ ﾌﾗｯﾄﾀｲﾌﾟ02 乳白 2000ｍ以上,LEDｶﾊﾞｰ ﾌﾗ,ｍ,0,0,790061
0 ,790061I000304,LEDｶﾊﾞｰ ﾌﾗｯﾄﾀｲﾌﾟ02 乳白　*使用ｼﾅｲ,LEDｶﾊﾞｰﾌﾗｯ,ｍ,0,0,790061
0 ,790061I000305,LEDｶﾊﾞｰﾌﾗｯﾄﾀｲﾌﾟ 02乳白(250M以上)*✕,ﾎﾟﾘｶｶﾊﾞｰ,M,0,0,790061
0 ,790061I000306,LEDｶﾊﾞｰ ﾌﾗｯﾄﾀｲﾌﾟ02乳白(250～999M)*✕,ﾎﾟﾘｶｶﾊﾞｰ,M,0,0,790061
0 ,790061I000307,LEDｶﾊﾞｰ ﾌﾗｯﾄﾀｲﾌﾟ02乳白(1000M以上)*✕,ﾎﾟﾘｶｶﾊﾞｰ,M,0,0,790061
0 ,790061I000308,LEDｶﾊﾞｰ ﾌﾗｯﾄﾀｲﾌﾟ02乳白(2000M以上)*✕,ﾎﾟﾘｶｶﾊﾞｰ,M,0,0,790061
1,790071D000101,OT-1改 ｾﾝﾀｰﾊﾟｯｷﾝ(50M巻),OT-1ｶｲ,巻,50000,52000,790071
1,790071D000201,OT-2改 側面ﾊﾟｯｷﾝ(100M巻),OT-2ｶｲ,巻,100000,104000,790071
1,790071D000301,OT-3改 ｽﾞﾘﾊﾟｯｷﾝ(80M巻),OT-3ｶｲ,巻,80000,84000,790071
1,790071D000401,OT-4改 ｵｰﾊﾞｰﾗｯﾌﾟﾊﾟｯｷﾝ 4.5m,ｵｰﾊﾞｰﾗｯﾌﾟﾊ,本,4500,4650,790071
1,790071D000501,OW-3 ｽﾞﾘﾊﾟｯｷﾝ(ｸﾞﾚｰ),ｽﾘﾊﾟｯｷﾝ(ｸﾞ,m,0,0,790071
1,790071D000601,OT-4改 ｵｰﾊﾞｰﾗｯﾌﾟﾊﾟｯｷﾝ 2.6m,ｵｰﾊﾞｰﾗｯﾌﾟﾊ,本,2600,2700,790071
1,790071D000602,OT-4改 ｵｰﾊﾞｰﾗｯﾌﾟﾊﾟｯｷﾝ 1.4m,ｵｰﾊﾞｰﾗｯﾌﾟﾊ,本,1400,1500,790071
1,790071D000603,OT-4改 ｵｰﾊﾞｰﾗｯﾌﾟﾊﾟｯｷﾝ 1.7m,ｵｰﾊﾞｰﾗｯﾌﾟﾊ,本,1700,1800,790071
1,790071D000604,OT-4改 ｵｰﾊﾞｰﾗｯﾌﾟﾊﾟｯｷﾝ 2.25m,ｵｰﾊﾞｰﾗｯﾌﾟﾊ,本,2250,2250,790071
1,790071D000605,OT-4改 ｵｰﾊﾞｰﾗｯﾌﾟﾊﾟｯｷﾝ 2.05m,ｵｰﾊﾞｰﾗｯﾌﾟﾊ,本,0,0,790071
1,790071D000701,OW-1 ｾﾝﾀｰﾊﾟｯｷﾝ (50M巻),OW-1,巻,50000,52000,790071
1,790071D000801,OW-2 側面ﾊﾟｯｷﾝ (100M巻),OW-2,巻,100000,104000,790071
1,790071D000901,OW-3 ｽﾞﾘﾊﾟｯｷﾝ (80M巻),OW-3,巻,80000,84000,790071
1,790071D001101,導電性 反転SWﾊﾟｯｷﾝ L=1750MM,ﾄﾞｳﾃﾞﾝｾｲ ﾄ,本,1750,1760,790071
